ID,Title,Slug,Active,Featured,Completion %,Missing Count,Missing Fields
silent-valley-national-park,"Silent Valley National Park",silent-valley-national-park,No,No,26,14,"description, images, inclusions, exclusions, startCity, itinerary, cities, themes, bestTime, idealFor, difficulty, cancellationPolicy, travelTips, faqs"
testing-national-park,"Testing National Park",testing-national-park,No,No,32,13,"overview, images, exclusions, startCity, itinerary, cities, themes, bestTime, idealFor, difficulty, cancellationPolicy, travelTips, faqs"
trimbakeshwar-grishneshwar-bhimashankar-jyotirlinga-tour,"Trimbakeshwar Grishneshwar Bhimashankar Jyotirlinga Tour",trimbakeshwar-grishneshwar-bhimashankar-jyotirlinga-tour,Yes,No,37,12,"images, inclusions, exclusions, startCity, cities, themes, bestTime, idealFor, difficulty, cancellationPolicy, travelTips, faqs"
kajiranga-national-park,"Kajiranga National Park",kajiranga-national-park,No,No,37,12,"images, exclusions, startCity, itinerary, cities, themes, bestTime, idealFor, difficulty, cancellationPolicy, travelTips, faqs"
kaziranga-national-park-tour,"Kaziranga National Park Tour",kaziranga-national-park-tour,Yes,No,37,12,"images, inclusions, exclusions, startCity, cities, themes, bestTime, idealFor, difficulty, cancellationPolicy, travelTips, faqs"
panna-national-park-tour,"Panna National Park Tour",panna-national-park-tour,Yes,No,37,12,"images, inclusions, exclusions, startCity, cities, themes, bestTime, idealFor, difficulty, cancellationPolicy, travelTips, faqs"
jim-corbett-national-park,"Jim Corbett National Park Tour",jim-corbett-national-park-tour,Yes,No,37,12,"images, inclusions, exclusions, startCity, cities, themes, bestTime, idealFor, difficulty, cancellationPolicy, travelTips, faqs"
bharatpur-tour,"Keoladeo National Park Tour",keoladeo-national-park-tour,Yes,No,37,12,"images, inclusions, exclusions, startCity, cities, themes, bestTime, idealFor, difficulty, cancellationPolicy, travelTips, faqs"
pancha-bootha-sthalam-tour,"Pancha Bootha Sthalam Tour",pancha-bootha-sthalam-tour,No,No,37,12,"images, inclusions, exclusions, startCity, cities, themes, bestTime, idealFor, difficulty, cancellationPolicy, travelTips, faqs"
srinagar-to-amarnath-helicopter,"Srinagar To Amarnath Helicopter",srinagar-to-amarnath-helicopter,Yes,No,37,12,"durationNights, inclusions, exclusions, startCity, cities, themes, bestTime, idealFor, difficulty, cancellationPolicy, travelTips, faqs"
sundarbans-tour,"Sundarbans National Park Tour",sundarbans-national-park-tour,Yes,No,37,12,"images, inclusions, exclusions, startCity, cities, themes, bestTime, idealFor, difficulty, cancellationPolicy, travelTips, faqs"
latest-wildlife-tour,"latest wildlife tour",latest-wildlife-tour,No,No,42,11,"images, startCity, itinerary, cities, themes, bestTime, idealFor, difficulty, cancellationPolicy, travelTips, faqs"
bandhavgarh-national-park,"Bandhavgarh National Park Tour Packages",bandhavgarh-national-park-tour-packages,Yes,No,42,11,"images, exclusions, startCity, cities, themes, bestTime, idealFor, difficulty, cancellationPolicy, travelTips, faqs"
manas-national-park,"Manas National Park Tour",manas-national-park-tour,Yes,No,42,11,"images, exclusions, startCity, cities, themes, bestTime, idealFor, difficulty, cancellationPolicy, travelTips, faqs"
nameri-national-park-tour,"Nameri National Park Tour",nameri-national-park-tour,Yes,No,42,11,"images, exclusions, startCity, cities, themes, bestTime, idealFor, difficulty, cancellationPolicy, travelTips, faqs"
bandipur-national-park-tour,"Bandipur National Park Tour",bandipur-national-park-tour,Yes,No,42,11,"images, exclusions, startCity, cities, themes, bestTime, idealFor, difficulty, cancellationPolicy, travelTips, faqs"
pench-national-park-tour,"Pench National Park Tour",pench-national-park-tour,Yes,No,42,11,"images, exclusions, startCity, cities, themes, bestTime, idealFor, difficulty, cancellationPolicy, travelTips, faqs"
nagarhole-national-park-tour,"Nagarhole National Park Tour",nagarhole-national-park-tour,Yes,No,42,11,"images, exclusions, startCity, cities, themes, bestTime, idealFor, difficulty, cancellationPolicy, travelTips, faqs"
ranthambore-wildlife-safari-tour,"Ranthambore Wildlife Safari Tour",ranthambore-wildlife-safari-tour,Yes,No,42,11,"images, exclusions, startCity, cities, themes, bestTime, idealFor, difficulty, cancellationPolicy, travelTips, faqs"
mudumalai-national-park-tour,"Mudumalai National Park Tour",mudumalai-national-park-tour,Yes,No,42,11,"images, exclusions, startCity, cities, themes, bestTime, idealFor, difficulty, cancellationPolicy, travelTips, faqs"
sariska-national-park-tour,"Sariska National Park Tour",sariska-national-park-tour,Yes,No,42,11,"images, exclusions, startCity, cities, themes, bestTime, idealFor, difficulty, cancellationPolicy, travelTips, faqs"
gir-national-park-tour,"Gir National Park Tour",gir-national-park-tour,Yes,No,42,11,"images, exclusions, startCity, cities, themes, bestTime, idealFor, difficulty, cancellationPolicy, travelTips, faqs"
kanha-national-park-tour,"Kanha National Park Tour",kanha-national-park-tour,Yes,No,42,11,"images, exclusions, startCity, cities, themes, bestTime, idealFor, difficulty, cancellationPolicy, travelTips, faqs"
tadoba-national-park-tour-package,"Tadoba National Park Tour",tadoba-national-park-tour,Yes,No,42,11,"images, exclusions, startCity, cities, themes, bestTime, idealFor, difficulty, cancellationPolicy, travelTips, faqs"
periyar-national-park-tour,"Periyar National Park Tour",periyar-national-park-tour,Yes,No,42,11,"images, exclusions, startCity, cities, themes, bestTime, idealFor, difficulty, cancellationPolicy, travelTips, faqs"
shimla-test-trip,"shimla test trip",shimla-test-trip,No,No,42,11,"images, startCity, itinerary, cities, themes, bestTime, idealFor, difficulty, cancellationPolicy, travelTips, faqs"
gangaur-festival-jaipur,"Gangaur Festival Jaipur",gangaur-festival-jaipur,Yes,No,42,11,"inclusions, exclusions, startCity, cities, themes, bestTime, idealFor, difficulty, cancellationPolicy, travelTips, faqs"
this-is-name-of-package,"this is package title",this-is-package-title,No,No,42,11,"images, startCity, itinerary, cities, themes, bestTime, idealFor, difficulty, cancellationPolicy, travelTips, faqs"
valley-of-flowers-uttarakhand-package,"Valley of Flowers Uttarakhand Package",valley-of-flowers-uttarakhand-package,Yes,No,42,11,"inclusions, exclusions, startCity, cities, themes, bestTime, idealFor, difficulty, cancellationPolicy, travelTips, faqs"
kagbhushudi-lake-trek,"Kagbhushudi Lake Trek",kagbhushudi-lake-trek,No,No,42,11,"inclusions, exclusions, startCity, cities, themes, bestTime, idealFor, difficulty, cancellationPolicy, travelTips, faqs"
valley-of-flowers-trekking-tour,"Valley of Flowers Trekking Tour",valley-of-flowers-trekking-tour,Yes,No,42,11,"inclusions, exclusions, startCity, cities, themes, bestTime, idealFor, difficulty, cancellationPolicy, travelTips, faqs"
udaipur-tour-package-for-couples,"Udaipur Tour Package for Couples",udaipur-tour-package-for-couples,Yes,No,42,11,"inclusions, exclusions, startCity, cities, themes, bestTime, idealFor, difficulty, cancellationPolicy, travelTips, faqs"
uttarakhand-holidays,"Uttarakhand Holidays",uttarakhand-holidays,Yes,No,42,11,"inclusions, exclusions, startCity, cities, themes, bestTime, idealFor, difficulty, cancellationPolicy, travelTips, faqs"
udaipur-city-tour-package,"Udaipur City Tour Package",udaipur-city-tour-package,Yes,No,42,11,"inclusions, exclusions, startCity, cities, themes, bestTime, idealFor, difficulty, cancellationPolicy, travelTips, faqs"
a-visit-to-karnataka,"A Visit To Karnataka",a-visit-to-karnataka,Yes,No,42,11,"inclusions, exclusions, startCity, cities, themes, bestTime, idealFor, difficulty, cancellationPolicy, travelTips, faqs"
wildlife-safari-near-delhi,"Wildlife Safari Near Delhi",wildlife-safari-near-delhi,Yes,No,42,11,"description, inclusions, startCity, cities, themes, bestTime, idealFor, difficulty, cancellationPolicy, travelTips, faqs"
honey-moon-in-kerala,"Honey Moon In Kerala",honey-moon-in-kerala,No,No,47,10,"images, startCity, cities, themes, bestTime, idealFor, difficulty, cancellationPolicy, travelTips, faqs"
leh-ladakh-by-air,"Leh Ladakh By Air",leh-ladakh-by-air,Yes,No,47,10,"exclusions, startCity, cities, themes, bestTime, idealFor, difficulty, cancellationPolicy, travelTips, faqs"
beach-honeymoon-tour-@-resort,"Beach Honeymoon Tour @ Resort",beach-honeymoon-tour-resort,No,No,47,10,"images, startCity, cities, themes, bestTime, idealFor, difficulty, cancellationPolicy, travelTips, faqs"
best-of-kerala,"Best of Kerala",best-of-kerala,Yes,No,53,9,"startCity, cities, themes, bestTime, idealFor, difficulty, cancellationPolicy, travelTips, faqs"
dussehra-festival-kullu,"Dussehra Festival Kullu",dussehra-festival-kullu,Yes,No,53,9,"startCity, cities, themes, bestTime, idealFor, difficulty, cancellationPolicy, travelTips, faqs"
desert-festival-jaisalmer,"Jaisalmer Desert Festival Tour",jaisalmer-desert-festival-tour,Yes,No,53,9,"startCity, cities, themes, bestTime, idealFor, difficulty, cancellationPolicy, travelTips, faqs"
jaisalmer-desert-festival,"Jaisalmer Desert Festival",jaisalmer-desert-festival,Yes,No,53,9,"startCity, cities, themes, bestTime, idealFor, difficulty, cancellationPolicy, travelTips, faqs"
delhi--neemrana-tour,"Delhi Neemrana Tour Package",delhi-neemrana-tour-package,Yes,No,53,9,"startCity, cities, themes, bestTime, idealFor, difficulty, cancellationPolicy, travelTips, faqs"
kashmir-ltc-tour,"Kashmir LTC Tour",kashmir-ltc-tour,No,No,53,9,"startCity, cities, themes, bestTime, idealFor, difficulty, cancellationPolicy, travelTips, faqs"
thrissur-elephant-festival-kerala,"Thrissur Elephant Festival Kerala",thrissur-elephant-festival-kerala,Yes,No,53,9,"startCity, cities, themes, bestTime, idealFor, difficulty, cancellationPolicy, travelTips, faqs"
udaipur-tour-package,"Udaipur Tour Package",udaipur-tour-package,Yes,No,53,9,"startCity, cities, themes, bestTime, idealFor, difficulty, cancellationPolicy, travelTips, faqs"
varanasi-tour-by-air,"Varanasi Tour By Air",varanasi-tour-by-air,Yes,No,53,9,"startCity, cities, themes, bestTime, idealFor, difficulty, cancellationPolicy, travelTips, faqs"
golden-triangle-with-ranthambore,"Golden Triangle with Ranthambore Tour",golden-triangle-with-ranthambore-tour,Yes,No,53,9,"startCity, cities, themes, bestTime, idealFor, difficulty, cancellationPolicy, travelTips, faqs"
trip-to-dehradun,"Trip to Dehradun",trip-to-dehradun,Yes,No,53,9,"startCity, cities, themes, bestTime, idealFor, difficulty, cancellationPolicy, travelTips, faqs"
vaishno-devi-yatra-with-helicopter,"Vaishno Devi Yatra",vaishno-devi-yatra,Yes,No,53,9,"startCity, cities, themes, bestTime, idealFor, difficulty, cancellationPolicy, travelTips, faqs"
ranthambore-from-delhi,"Ranthambore From Delhi",ranthambore-from-delhi,Yes,No,53,9,"startCity, cities, themes, bestTime, idealFor, difficulty, cancellationPolicy, travelTips, faqs"
best-of-leh-ladakh,"Best of Leh Ladakh",best-of-leh-ladakh,Yes,No,53,9,"startCity, cities, themes, bestTime, idealFor, difficulty, cancellationPolicy, travelTips, faqs"
udaipur-and-mount-abu-tour-package,"Udaipur And Mount Abu Tour Package",udaipur-and-mount-abu-tour-package,Yes,No,53,9,"startCity, cities, themes, bestTime, idealFor, difficulty, cancellationPolicy, travelTips, faqs"
jim-corbett-park-weekend-tour-package-[by-rail],"Jim Corbett Park Weekend Tour Package",jim-corbett-park-weekend-tour-package,Yes,No,53,9,"startCity, cities, themes, bestTime, idealFor, difficulty, cancellationPolicy, travelTips, faqs"
uttarakhand-tour-package,"Uttarakhand Tour Package",uttarakhand-tour-package,Yes,No,53,9,"startCity, cities, themes, bestTime, idealFor, difficulty, cancellationPolicy, travelTips, faqs"
udaipur-mount-abu-tour,"03 Nights / 04 Days",03-nights-04-days,Yes,No,53,9,"images, cities, themes, bestTime, idealFor, difficulty, cancellationPolicy, travelTips, faqs"
golden-triangle--khajuraho-dance-festival-tour,"Golden Triangle and Khajuraho Dance Festival Tour",golden-triangle-and-khajuraho-dance-festival-tour,Yes,No,53,9,"startCity, cities, themes, bestTime, idealFor, difficulty, cancellationPolicy, travelTips, faqs"
ladakh-with-pangong-lake,"Ladakh Pangong Lake Tour",ladakh-pangong-lake-tour,Yes,No,53,9,"startCity, cities, themes, bestTime, idealFor, difficulty, cancellationPolicy, travelTips, faqs"
treasures-of-south-india,"Treasures of South India",treasures-of-south-india,Yes,No,53,9,"startCity, cities, themes, bestTime, idealFor, difficulty, cancellationPolicy, travelTips, faqs"
trip-to-shimla,"Trip to Shimla",trip-to-shimla,Yes,No,53,9,"startCity, cities, themes, bestTime, idealFor, difficulty, cancellationPolicy, travelTips, faqs"
north-east-vacation,"North East Vacation",north-east-vacation,Yes,No,53,9,"startCity, cities, themes, bestTime, idealFor, difficulty, cancellationPolicy, travelTips, faqs"
kerala-nature-trails,"Kerala Nature Trails",kerala-nature-trails,Yes,No,53,9,"startCity, cities, themes, bestTime, idealFor, difficulty, cancellationPolicy, travelTips, faqs"
beaches-of-kerala,"Beaches Of Kerala",beaches-of-kerala,Yes,No,53,9,"startCity, cities, themes, bestTime, idealFor, difficulty, cancellationPolicy, travelTips, faqs"
bird-watching-in-jim-corbett-park,"Bird Watching in Jim Corbett Park",bird-watching-in-jim-corbett-park,Yes,No,53,9,"startCity, cities, themes, bestTime, idealFor, difficulty, cancellationPolicy, travelTips, faqs"
kashmir-holiday-package,"The Best Of Kashmir Holiday Package",the-best-of-kashmir-holiday-package,Yes,No,53,9,"startCity, cities, themes, bestTime, idealFor, difficulty, cancellationPolicy, travelTips, faqs"
pushkar-camel-fair,"Pushkar Camel Fair",pushkar-camel-fair,Yes,No,53,9,"startCity, cities, themes, bestTime, idealFor, difficulty, cancellationPolicy, travelTips, faqs"
konark-dance-festival,"Konark Dance Festival",konark-dance-festival,Yes,No,53,9,"startCity, cities, themes, bestTime, idealFor, difficulty, cancellationPolicy, travelTips, faqs"
trip-to-golden-temple,"Trip To Golden Temple",trip-to-golden-temple,Yes,No,53,9,"startCity, cities, themes, bestTime, idealFor, difficulty, cancellationPolicy, travelTips, faqs"
trip-to-dalhousie-from-delhi,"Trip To Dalhousie From Delhi",trip-to-dalhousie-from-delhi,Yes,No,53,9,"startCity, cities, themes, bestTime, idealFor, difficulty, cancellationPolicy, travelTips, faqs"
mumbai-goa-tour,"Mumbai - Goa Tour",mumbai-goa-tour,Yes,No,58,8,"metatitle, metadesc, description, images, difficulty, cancellationPolicy, travelTips, faqs"
mumbai-goa-beach-tour,"Mumbai - Goa Beach Tour",mumbai-goa-beach-tour,Yes,No,63,7,"metatitle, metadesc, description, difficulty, cancellationPolicy, travelTips, faqs"
chennai-to-kanchipuram-tour-package,"Chennai to Kanchipuram Tour Package",chennai-to-kanchipuram-tour-package,Yes,No,74,5,"durationNights, inclusions, exclusions, difficulty, cancellationPolicy"
rajasthan-holidays,"Rajasthan Holidays",rajasthan-holidays,Yes,No,74,5,"description, inclusions, exclusions, difficulty, cancellationPolicy"
haridwar-rishikesh-varanasi-tour-package-from-delhi,"Haridwar Rishikesh Varanasi Tour Package from Delhi",haridwar-rishikesh-varanasi-tour-package-from-delhi,Yes,No,79,4,"inclusions, exclusions, difficulty, cancellationPolicy"
rameshwaram-tour,"Rameshwaram Tour",rameshwaram-tour,Yes,No,79,4,"inclusions, exclusions, difficulty, cancellationPolicy"
coorg-kabini-tour-package,"Coorg Kabini Tour Package",coorg-kabini-tour-package,Yes,No,79,4,"inclusions, exclusions, difficulty, cancellationPolicy"
ooty-tour-packages-from-coimbatore,"Ooty Tour Packages from Coimbatore",ooty-tour-packages-from-coimbatore,Yes,No,79,4,"inclusions, exclusions, difficulty, cancellationPolicy"
darjeeling-gangtok-pelling-tour-package,"Darjeeling Gangtok Pelling Tour Package",darjeeling-gangtok-pelling-tour-package,Yes,No,79,4,"inclusions, exclusions, difficulty, cancellationPolicy"
south-india-wildlife-tour-package,"South India Wildlife Tour Package",south-india-wildlife-tour-package,Yes,No,79,4,"inclusions, exclusions, difficulty, cancellationPolicy"
kashmir-tour-package-from-ahmedabad,"Kashmir Tour Package from Ahmedabad",kashmir-tour-package-from-ahmedabad,Yes,No,79,4,"inclusions, exclusions, difficulty, cancellationPolicy"
mallikarjuna-jyotirlinga-tour-package,"Mallikarjuna Jyotirlinga Tour Package",mallikarjuna-jyotirlinga-tour-package,Yes,No,79,4,"inclusions, exclusions, difficulty, cancellationPolicy"
hyderabad-to-araku-tour-packages,"Hyderabad to Araku Tour Packages",hyderabad-to-araku-tour-packages,Yes,No,79,4,"inclusions, exclusions, difficulty, cancellationPolicy"
baidyanath-jyotirlinga-tour-package,"Baidyanath Jyotirlinga Tour Package",baidyanath-jyotirlinga-tour-package,Yes,No,79,4,"inclusions, exclusions, difficulty, cancellationPolicy"
sapta-puri-yatra,"Sapta Puri Yatra",sapta-puri-yatra,Yes,No,79,4,"inclusions, exclusions, difficulty, cancellationPolicy"
mumbai-to-mahabaleshwar-tour-package,"Mumbai To Mahabaleshwar Tour Package",mumbai-to-mahabaleshwar-tour-package,Yes,No,79,4,"inclusions, exclusions, difficulty, cancellationPolicy"
lucknow-tour-package,"Lucknow Tour Package",lucknow-tour-package,Yes,No,79,4,"inclusions, exclusions, difficulty, cancellationPolicy"
madurai-rameshwaram-kanyakumari-tour-package,"Madurai Rameshwaram Kanyakumari Tour Package",madurai-rameshwaram-kanyakumari-tour-package,Yes,No,79,4,"inclusions, exclusions, difficulty, cancellationPolicy"
coastal-karnataka-tour,"Coastal Karnataka Tour",coastal-karnataka-tour,Yes,No,79,4,"inclusions, exclusions, difficulty, cancellationPolicy"
lucknow-ayodhya-allahabad-varanasi-tour,"Lucknow Ayodhya Allahabad Varanasi Tour",lucknow-ayodhya-allahabad-varanasi-tour,Yes,No,79,4,"inclusions, exclusions, difficulty, cancellationPolicy"
corbett-jeep-safari-tour,"Corbett Jeep Safari Tour",corbett-jeep-safari-tour,Yes,No,79,4,"inclusions, exclusions, difficulty, cancellationPolicy"
kullu-manali-tour-package-from-ahmedabad,"Kullu Manali Tour Package from Ahmedabad",kullu-manali-tour-package-from-ahmedabad,Yes,No,79,4,"inclusions, exclusions, difficulty, cancellationPolicy"
north-kerala-tour,"North Kerala Tour",north-kerala-tour,Yes,No,79,4,"inclusions, exclusions, difficulty, cancellationPolicy"
rajasthan-tour-package-10-days,"Rajasthan Tour Package 10 Days",rajasthan-tour-package-10-days,Yes,No,79,4,"inclusions, exclusions, difficulty, cancellationPolicy"
golden-triangle-with-tiger-tour,"Golden Triangle with Tiger Tour",golden-triangle-with-tiger-tour,Yes,No,79,4,"inclusions, exclusions, difficulty, cancellationPolicy"
golden-triangle-tour-with-pushkar,"Golden Triangle Tour with Pushkar",golden-triangle-tour-with-pushkar,Yes,No,79,4,"inclusions, exclusions, difficulty, cancellationPolicy"
kullu-manali-tour-package-from-delhi,"Kullu Manali Tour Package from Delhi",kullu-manali-tour-package-from-delhi,Yes,No,79,4,"inclusions, exclusions, difficulty, cancellationPolicy"
jaipur-tour-package-for-couples,"Jaipur Tour Package for Couples",jaipur-tour-package-for-couples,Yes,No,79,4,"inclusions, exclusions, difficulty, cancellationPolicy"
kullu-manali-tour-package-from-chennai,"Kullu Manali Tour Package from Chennai",kullu-manali-tour-package-from-chennai,Yes,No,79,4,"inclusions, exclusions, difficulty, cancellationPolicy"
bangalore-mysore-ooty-coorg-tour-package,"Bangalore Mysore Ooty Coorg tour package",bangalore-mysore-ooty-coorg-tour-package,Yes,No,79,4,"inclusions, exclusions, difficulty, cancellationPolicy"
pachmarhi-tour-package,"Pachmarhi Tour Package",pachmarhi-tour-package,Yes,No,79,4,"inclusions, exclusions, difficulty, cancellationPolicy"
kashmir-ladakh-tour-package,"Kashmir Ladakh Tour Package",kashmir-ladakh-tour-package,Yes,No,79,4,"inclusions, exclusions, difficulty, cancellationPolicy"
delhi-sultanpur-tour,"Delhi - Sultanpur Tour",delhi-sultanpur-tour,Yes,No,79,4,"difficulty, cancellationPolicy, travelTips, faqs"
tirupati-madurai-rameshwaram-kanyakumari-tour-package,"Tirupati Madurai Rameshwaram Kanyakumari Tour Package",tirupati-madurai-rameshwaram-kanyakumari-tour-package,Yes,No,79,4,"inclusions, exclusions, difficulty, cancellationPolicy"
amritsar-dalhousie-dharamshala-tour,"Amritsar Dalhousie Dharamshala Tour",amritsar-dalhousie-dharamshala-tour,Yes,No,79,4,"inclusions, exclusions, difficulty, cancellationPolicy"
kuari-pass-trekking,"Kuari Pass Trekking",kuari-pass-trekking,Yes,No,79,4,"inclusions, exclusions, difficulty, cancellationPolicy"
kedarnath-jyotirlinga-tour-package,"Kedarnath Jyotirlinga Tour Package",kedarnath-jyotirlinga-tour-package,Yes,No,79,4,"inclusions, exclusions, difficulty, cancellationPolicy"
rameshwaram-tour-package,"Rameshwaram Tour Package",rameshwaram-tour-package,Yes,No,79,4,"inclusions, exclusions, difficulty, cancellationPolicy"
andaman-tour-package-for-couples,"Andaman Tour Package for Couples",andaman-tour-package-for-couples,Yes,No,79,4,"inclusions, exclusions, difficulty, cancellationPolicy"
5-days-rajasthan-tour-package,"5 Days Rajasthan Tour Package",5-days-rajasthan-tour-package,Yes,Yes,79,4,"inclusions, exclusions, difficulty, cancellationPolicy"
agra-rajasthan-tour-package-from-delhi,"Agra Rajasthan Tour Package From Delhi",agra-rajasthan-tour-package-from-delhi,Yes,No,79,4,"inclusions, exclusions, difficulty, cancellationPolicy"
kashmir-tour-package-from-kolkata,"Kashmir Tour Package from Kolkata",kashmir-tour-package-from-kolkata,Yes,No,79,4,"inclusions, exclusions, difficulty, cancellationPolicy"
delhi-neemrana-tour,"Delhi Neemrana Tour",delhi-neemrana-tour,Yes,No,79,4,"difficulty, cancellationPolicy, travelTips, faqs"
kashi-vishwanath-jyotirlinga-tour-package,"Kashi Vishwanath Jyotirlinga Tour Package",kashi-vishwanath-jyotirlinga-tour-package,Yes,No,79,4,"inclusions, exclusions, difficulty, cancellationPolicy"
hampi-tour-from-hyderabad,"Hampi Tour From Hyderabad",hampi-tour-from-hyderabad,Yes,No,79,4,"inclusions, exclusions, difficulty, cancellationPolicy"
muktinath-yatra,"Muktinath Yatra",muktinath-yatra,Yes,No,79,4,"inclusions, exclusions, difficulty, cancellationPolicy"
kagbhusandi-lake-trek,"Kagbhusandi Lake Trek",kagbhusandi-lake-trek,Yes,No,79,4,"inclusions, exclusions, difficulty, cancellationPolicy"
shimla-tour-package-from-delhi-for-couples,"Shimla Tour Package from Delhi for Couples",shimla-tour-package-from-delhi-for-couples,Yes,No,79,4,"inclusions, exclusions, difficulty, cancellationPolicy"
kullu-manali-tour-package-from-hyderabad,"Kullu Manali Tour Package from Hyderabad",kullu-manali-tour-package-from-hyderabad,Yes,No,79,4,"inclusions, exclusions, difficulty, cancellationPolicy"
jim-corbett-park-weekend-tour-package-by-rail,"Jim Corbett Park Weekend Tour Package",jim-corbett-park-weekend-tour-package-by-rail,Yes,No,79,4,"difficulty, cancellationPolicy, travelTips, faqs"
srinagar-leh-ladakh-tour-package,"Srinagar Leh Ladakh Tour Package",srinagar-leh-ladakh-tour-package,Yes,No,79,4,"inclusions, exclusions, difficulty, cancellationPolicy"
satopanth-trek,"Satopanth Trek",satopanth-trek,Yes,No,79,4,"inclusions, exclusions, difficulty, cancellationPolicy"
karnataka-temple-tour,"Karnataka Temple Tour",karnataka-temple-tour,Yes,No,79,4,"inclusions, exclusions, difficulty, cancellationPolicy"
golden-triangle-khajuraho-dance-festival-tour,"Golden Triangle & Khajuraho Dance Festival Tour",golden-triangle-khajuraho-dance-festival-tour,Yes,No,79,4,"difficulty, cancellationPolicy, travelTips, faqs"
kedarkantha-trek,"Kedarkantha Trek",kedarkantha-trek,Yes,No,79,4,"inclusions, exclusions, difficulty, cancellationPolicy"
neelkanth-base-camp-trek,"Neelkanth Base Camp Trek",neelkanth-base-camp-trek,Yes,No,79,4,"inclusions, exclusions, difficulty, cancellationPolicy"
har-ki-doon-trek,"Har Ki Doon Trek",har-ki-doon-trek,Yes,No,79,4,"inclusions, exclusions, difficulty, cancellationPolicy"
ranthambore-tour-package,"Ranthambore Tour Package",ranthambore-tour-package,Yes,No,79,4,"inclusions, exclusions, difficulty, cancellationPolicy"
kashmir-tour-packages-from-mumbai,"Kashmir Tour Packages from Mumbai",kashmir-tour-packages-from-mumbai,Yes,No,79,4,"inclusions, exclusions, difficulty, cancellationPolicy"
golden-triangle-tour-with-varanasi-and-khajuraho,"Golden Triangle Tour With Varanasi And Khajuraho",golden-triangle-tour-with-varanasi-and-khajuraho,Yes,No,79,4,"inclusions, exclusions, difficulty, cancellationPolicy"
golden-triangle-with-ranthambore-bharatpur-luxury-group-tour,"Golden Triangle with Ranthambore & Bharatpur Luxury Group Tour",golden-triangle-with-ranthambore-bharatpur-luxury-group-tour,Yes,No,79,4,"difficulty, cancellationPolicy, travelTips, faqs"
majestic-ladakh-tour,"Majestic Ladakh Tour",majestic-ladakh-tour,Yes,No,79,4,"inclusions, exclusions, difficulty, cancellationPolicy"
india-wildlife-tour,"India Wildlife Tour",india-wildlife-tour,Yes,No,79,4,"inclusions, exclusions, difficulty, cancellationPolicy"
leh-ladakh-road-trip,"Leh Ladakh Road Trip",leh-ladakh-road-trip,Yes,No,79,4,"inclusions, exclusions, difficulty, cancellationPolicy"
rajasthan-tour-packages-from-delhi,"Rajasthan Tour Packages From Delhi",rajasthan-tour-packages-from-delhi,Yes,No,79,4,"inclusions, exclusions, difficulty, cancellationPolicy"
ranthambore-package,"Ranthambore Package",ranthambore-package,Yes,No,79,4,"inclusions, exclusions, difficulty, cancellationPolicy"
dodital-darwa-pass-trek,"Dodital Darwa Pass Trek",dodital-darwa-pass-trek,Yes,No,79,4,"inclusions, exclusions, difficulty, cancellationPolicy"
leh-ladakh-tour-package-for-couples,"Leh Ladakh Tour Package for Couples",leh-ladakh-tour-package-for-couples,Yes,No,79,4,"inclusions, exclusions, difficulty, cancellationPolicy"
kedarnath-and-vasuki-taal-trek,"Kedarnath and Vasuki Taal Trek",kedarnath-and-vasuki-taal-trek,Yes,No,79,4,"inclusions, exclusions, difficulty, cancellationPolicy"
manali-tour-package-for-couples-from-delhi,"Manali Tour Package for Couples from Delhi",manali-tour-package-for-couples-from-delhi,Yes,No,79,4,"inclusions, exclusions, difficulty, cancellationPolicy"
chopta-chandrashila-trek,"Chopta Chandrashila Trek",chopta-chandrashila-trek,Yes,No,79,4,"inclusions, exclusions, difficulty, cancellationPolicy"
kodaikanal-tour,"Kodaikanal Tour",kodaikanal-tour,Yes,No,79,4,"inclusions, exclusions, difficulty, cancellationPolicy"
kumaon-tour,"Kumaon Tour",kumaon-tour,Yes,No,79,4,"inclusions, exclusions, difficulty, cancellationPolicy"
mahakaleshwar-omkareshwar-jyotirlinga-tour-package,"Mahakaleshwar Omkareshwar Jyotirlinga Tour Package",mahakaleshwar-omkareshwar-jyotirlinga-tour-package,Yes,No,79,4,"inclusions, exclusions, difficulty, cancellationPolicy"
manali-to-leh-tour,"Manali to Leh Tour",manali-to-leh-tour,Yes,No,79,4,"inclusions, exclusions, difficulty, cancellationPolicy"
markha-valley-trek,"Markha Valley Trek",markha-valley-trek,Yes,No,79,4,"inclusions, exclusions, difficulty, cancellationPolicy"
south-india-tour,"South India Tour",south-india-tour,Yes,No,79,4,"inclusions, exclusions, difficulty, cancellationPolicy"
bangalore-mysore-coorg-tour-package,"Bangalore Mysore Coorg Tour Package",bangalore-mysore-coorg-tour-package,Yes,No,79,4,"inclusions, exclusions, difficulty, cancellationPolicy"
char-dham-yatra-by-helicopter-from-dehradun,"Char Dham Yatra By Helicopter From Dehradun",char-dham-yatra-by-helicopter-from-dehradun,Yes,No,79,4,"inclusions, exclusions, difficulty, cancellationPolicy"
panch-kedar-trek,"Panch Kedar Trek",panch-kedar-trek,Yes,No,79,4,"inclusions, exclusions, difficulty, cancellationPolicy"
arupadai-veedu-tour,"Arupadai Veedu Tour",arupadai-veedu-tour,Yes,No,79,4,"inclusions, exclusions, difficulty, cancellationPolicy"
delhi-agra-jaipur-udaipur-tour-package,"Delhi Agra Jaipur Udaipur Tour Package",delhi-agra-jaipur-udaipur-tour-package,Yes,No,79,4,"inclusions, exclusions, difficulty, cancellationPolicy"
amarnath-yatra-by-helicopter,"Amarnath Yatra By Helicopter",amarnath-yatra-by-helicopter,Yes,No,79,4,"inclusions, exclusions, difficulty, cancellationPolicy"
agra-mathura-vrindavan-tour-from-delhi,"Agra Mathura Vrindavan Tour from Delhi",agra-mathura-vrindavan-tour-from-delhi,Yes,Yes,79,4,"inclusions, exclusions, difficulty, cancellationPolicy"
kullu-manali-tour-package-from-pune,"Kullu Manali Tour Package from Pune",kullu-manali-tour-package-from-pune,Yes,No,79,4,"inclusions, exclusions, difficulty, cancellationPolicy"
darjeeling-tour-package-for-couple,"Darjeeling Tour Package for Couple",darjeeling-tour-package-for-couple,Yes,No,79,4,"inclusions, exclusions, difficulty, cancellationPolicy"
goa-trip-package-from-delhi,"Goa Trip Package from Delhi",goa-trip-package-from-delhi,Yes,No,79,4,"inclusions, exclusions, difficulty, cancellationPolicy"
nageshwar-somnath-jyotirlinga-tour-package,"Nageshwar Somnath Jyotirlinga Tour Package",nageshwar-somnath-jyotirlinga-tour-package,Yes,No,79,4,"inclusions, exclusions, difficulty, cancellationPolicy"
gangotri-gaumukh-tapovan-trek,"Gangotri Gaumukh Tapovan Trek",gangotri-gaumukh-tapovan-trek,Yes,No,79,4,"inclusions, exclusions, difficulty, cancellationPolicy"
rameshwaram-jyotirlinga-tour-package,"Rameshwaram Jyotirlinga Tour Package",rameshwaram-jyotirlinga-tour-package,Yes,No,79,4,"inclusions, exclusions, difficulty, cancellationPolicy"
char-dham-yatra-in-india,"Char Dham Yatra In India",char-dham-yatra-in-india,Yes,No,79,4,"inclusions, exclusions, difficulty, cancellationPolicy"
navagraha-temple-tour-package-from-chennai,"Navagraha Temple Tour Package From Chennai",navagraha-temple-tour-package-from-chennai,Yes,No,79,4,"inclusions, exclusions, difficulty, cancellationPolicy"
mussoorie-tour-package-for-couples,"Mussoorie Tour Package for Couples",mussoorie-tour-package-for-couples,Yes,No,79,4,"inclusions, exclusions, difficulty, cancellationPolicy"
chanap-valley-trek,"Chanap Valley Trek",chanap-valley-trek,Yes,No,79,4,"inclusions, exclusions, difficulty, cancellationPolicy"
konkan-beach-resorts-tour,"Konkan Beach Resorts Tour",konkan-beach-resorts-tour,Yes,No,79,4,"inclusions, exclusions, difficulty, cancellationPolicy"
tour-of-south-india,"Tour Of South India",tour-of-south-india,Yes,No,79,4,"inclusions, exclusions, difficulty, cancellationPolicy"
himachal-tour-package-for-couple,"Himachal Tour Package for Couple",himachal-tour-package-for-couple,Yes,No,79,4,"inclusions, exclusions, difficulty, cancellationPolicy"
assam-meghalaya-tour,"Assam Meghalaya Tour",assam-meghalaya-tour,Yes,No,79,4,"inclusions, exclusions, difficulty, cancellationPolicy"
kanha-national-park-tour-package,"Kanha National Park Tour Package",kanha-national-park-tour-package,Yes,No,79,4,"inclusions, exclusions, difficulty, cancellationPolicy"
tirupati-to-kanchipuram-tour-package,"Tirupati to Kanchipuram Tour Package",tirupati-to-kanchipuram-tour-package,Yes,No,79,4,"inclusions, exclusions, difficulty, cancellationPolicy"
mumbai-with-karla-caves-tour,"Mumbai with Karla Caves Tour",mumbai-with-karla-caves-tour,Yes,No,84,3,"difficulty, cancellationPolicy, faqs"
kerala-backwater-tour,"Kerala Backwater Tour",kerala-backwater-tour,Yes,No,84,3,"highlights, difficulty, cancellationPolicy"
delhi-sightseeing-tour,"Delhi Sightseeing Tour",delhi-sightseeing-tour,Yes,No,84,3,"durationNights, difficulty, cancellationPolicy"
buddha-tour,"Buddha Tour",buddha-tour,Yes,No,84,3,"difficulty, cancellationPolicy, faqs"
brahmpuri-river-rafting-package,"Brahmpuri River Rafting Package",brahmpuri-river-rafting-package,Yes,No,84,3,"difficulty, cancellationPolicy, faqs"
same-day-agra-tour-by-car,"Same Day Agra Tour By Car",same-day-agra-tour-by-car,Yes,No,84,3,"durationNights, difficulty, cancellationPolicy"
munnar-ooty-kodaikanal-tour-package,"Munnar Ooty Kodaikanal Tour Package",munnar-ooty-kodaikanal-tour-package,Yes,No,84,3,"difficulty, cancellationPolicy, faqs"
srinagar-to-leh-tour-package,"Srinagar To Leh Tour Package",srinagar-to-leh-tour-package,Yes,No,84,3,"inclusions, difficulty, cancellationPolicy"
kerala-honeymoon-tour,"Kerala Honeymoon Tour",kerala-honeymoon-tour,Yes,No,84,3,"exclusions, difficulty, cancellationPolicy"
golden-triangle-tour-with-tiger-safari,"Golden Triangle Tour With Tiger Safari",golden-triangle-tour-with-tiger-safari,Yes,No,84,3,"inclusions, difficulty, cancellationPolicy"
agra-fatehpur-sikri-tour,"Agra Fatehpur Sikri Tour",agra-fatehpur-sikri-tour,Yes,Yes,84,3,"durationNights, difficulty, cancellationPolicy"
same-day-taj-mahal-tour,"Same Day Taj Mahal Tour",same-day-taj-mahal-tour,Yes,No,84,3,"durationNights, difficulty, cancellationPolicy"
kerala-beach-tour,"Kerala Beach Tour",kerala-beach-tour,Yes,No,84,3,"highlights, difficulty, cancellationPolicy"
same-day-jaipur-tour,"Same Day Jaipur Tour",same-day-jaipur-tour,Yes,No,84,3,"durationNights, difficulty, cancellationPolicy"
oberoi-cecil-shimla-packages,"Oberoi Cecil Shimla Packages",oberoi-cecil-shimla-packages,Yes,No,84,3,"itinerary, difficulty, cancellationPolicy"
bandhavgarh-wildlife-safari-tour-from-pune,"Bandhavgarh Wildlife Safari Tour From Pune",bandhavgarh-wildlife-safari-tour-from-pune,Yes,No,89,2,"difficulty, cancellationPolicy"
best-of-gujarat-tour-package,"Best of Gujarat Tour Package",best-of-gujarat-tour-package,Yes,No,89,2,"difficulty, cancellationPolicy"
kovalam-tour-package,"Kovalam Tour Package",kovalam-tour-package,Yes,No,89,2,"difficulty, cancellationPolicy"
rafting-in-rishikesh-with-trekking-in-himalayas,"Rafting in Rishikesh with trekking in Himalayas",rafting-in-rishikesh-with-trekking-in-himalayas,Yes,No,89,2,"difficulty, cancellationPolicy"
south-karnataka-tour-package,"South Karnataka Tour Package",south-karnataka-tour-package,Yes,No,89,2,"difficulty, cancellationPolicy"
rajasthan-luxury-tour-package,"Rajasthan Luxury Tour Package",rajasthan-luxury-tour-package,Yes,No,89,2,"difficulty, cancellationPolicy"
jhansi-orchha-khajuraho-tour,"Jhansi Orchha Khajuraho Tour",jhansi-orchha-khajuraho-tour,Yes,No,89,2,"difficulty, cancellationPolicy"
golden-triangle-luxury-tour,"Golden Triangle Luxury Tour",golden-triangle-luxury-tour,Yes,No,89,2,"difficulty, cancellationPolicy"
ooty-tour-package,"Ooty Tour Package",ooty-tour-package,Yes,No,89,2,"difficulty, cancellationPolicy"
lonavala-tour,"Lonavala Tour",lonavala-tour,Yes,No,89,2,"difficulty, cancellationPolicy"
sariska-tour,"Sariska Tour",sariska-tour,Yes,No,89,2,"difficulty, cancellationPolicy"
golden-triangle-tour-with-khajuraho,"Golden Triangle Tour With Khajuraho",golden-triangle-tour-with-khajuraho,Yes,No,89,2,"difficulty, cancellationPolicy"
golden-triangle-tour-by-car,"Golden Triangle Tour By Car",golden-triangle-tour-by-car,Yes,No,89,2,"difficulty, cancellationPolicy"
himachal-holiday-tour-package,"Himachal Holiday Tour Package",himachal-holiday-tour-package,Yes,No,89,2,"difficulty, cancellationPolicy"
golden-triangle-tour-5-days,"Golden Triangle Tour 5 Days",golden-triangle-tour-5-days,Yes,No,89,2,"difficulty, cancellationPolicy"
jim-corbett-park-with-nainital-tour,"Jim Corbett Park With Nainital Tour",jim-corbett-park-with-nainital-tour,Yes,No,89,2,"difficulty, cancellationPolicy"
marine-drive-river-rafting-package,"Marine Drive River Rafting Package",marine-drive-river-rafting-package,Yes,No,89,2,"difficulty, cancellationPolicy"
kerala-tour,"Kerala Tour",kerala-tour,Yes,No,89,2,"difficulty, cancellationPolicy"
ooty-kodaikanal-tour-package,"Ooty Kodaikanal Tour Package",ooty-kodaikanal-tour-package,Yes,No,89,2,"difficulty, cancellationPolicy"
chennai-beach-tour,"Chennai Beach Tour",chennai-beach-tour,Yes,No,89,2,"difficulty, cancellationPolicy"
jodhpur-jaisalmer-tour,"Jodhpur Jaisalmer Tour",jodhpur-jaisalmer-tour,Yes,No,89,2,"difficulty, cancellationPolicy"
kerala-houseboat-tour,"Kerala Houseboat Tour",kerala-houseboat-tour,Yes,No,89,2,"difficulty, cancellationPolicy"
darjeeling-sikkim-tour-package,"Darjeeling Sikkim Tour Package",darjeeling-sikkim-tour-package,Yes,No,89,2,"difficulty, cancellationPolicy"
manali-leh-tour,"Manali Leh Tour",manali-leh-tour,Yes,No,89,2,"difficulty, cancellationPolicy"
puri-holiday-package,"Puri Holiday Package",puri-holiday-package,Yes,No,89,2,"difficulty, cancellationPolicy"
kodaikanal-holidays,"Kodaikanal Holidays",kodaikanal-holidays,Yes,No,89,2,"difficulty, cancellationPolicy"
golden-triangle-with-mumbai-tour,"Golden Triangle with Mumbai Tour",golden-triangle-with-mumbai-tour,Yes,No,89,2,"difficulty, cancellationPolicy"
jaipur-ajmer-pushkar-tour-packages-from-delhi,"Jaipur Ajmer Pushkar Tour Packages From Delhi",jaipur-ajmer-pushkar-tour-packages-from-delhi,Yes,No,89,2,"difficulty, cancellationPolicy"
himachal-tour-package,"Himachal Tour Package",himachal-tour-package,Yes,No,89,2,"difficulty, cancellationPolicy"
corbett-dhikala-tour-package,"Corbett Dhikala Tour Package",corbett-dhikala-tour-package,Yes,No,89,2,"difficulty, cancellationPolicy"
hill-stations-of-south-india-tour,"Hill Stations Of South India Tour",hill-stations-of-south-india-tour,Yes,No,89,2,"difficulty, cancellationPolicy"
kumarakom-lake-resort-package,"Kumarakom Lake Resort Package",kumarakom-lake-resort-package,Yes,No,89,2,"difficulty, cancellationPolicy"
jaipur-tour-package,"Jaipur Tour Package",jaipur-tour-package,Yes,No,89,2,"difficulty, cancellationPolicy"
golden-triangle-tour-with-goa-beach,"Golden Triangle Tour With Goa Beach",golden-triangle-tour-with-goa-beach,Yes,No,89,2,"difficulty, cancellationPolicy"
kerala-ltc-tour,"Kerala LTC Tour",kerala-ltc-tour,Yes,No,89,2,"difficulty, cancellationPolicy"
golden-triangle-tour-with-haridwar,"Golden Triangle Tour With Haridwar",golden-triangle-tour-with-haridwar,Yes,No,89,2,"difficulty, cancellationPolicy"
goa-houseboat-tour-package,"Goa Houseboat Tour Package",goa-houseboat-tour-package,Yes,No,89,2,"difficulty, cancellationPolicy"
elephant-festival-tour,"Elephant Festival Tour",elephant-festival-tour,Yes,No,89,2,"difficulty, cancellationPolicy"
goa-carnival-festival-tour,"Goa Carnival Festival Tour",goa-carnival-festival-tour,Yes,No,89,2,"difficulty, cancellationPolicy"
eravikulam-national-park-tour,"Eravikulam National Park Tour",eravikulam-national-park-tour,Yes,No,89,2,"difficulty, cancellationPolicy"
heritage-kerala-tour-with-tree-house,"Heritage Kerala Tour with Tree House",heritage-kerala-tour-with-tree-house,Yes,No,89,2,"difficulty, cancellationPolicy"
kerala-honeymoon-holidays,"Kerala Honeymoon Holidays",kerala-honeymoon-holidays,Yes,No,89,2,"difficulty, cancellationPolicy"
bangalore-to-ooty-package,"Bangalore To Ooty Package",bangalore-to-ooty-package,Yes,No,89,2,"difficulty, cancellationPolicy"
kerala-holiday-tour,"Kerala Holiday Tour",kerala-holiday-tour,Yes,No,89,2,"difficulty, cancellationPolicy"
bangalore-mysore-ooty-kodaikanal-tour-package,"Bangalore Mysore Ooty Kodaikanal Tour Package",bangalore-mysore-ooty-kodaikanal-tour-package,Yes,No,89,2,"difficulty, cancellationPolicy"
nainital-ranikhet-tour,"Nainital Ranikhet Tour",nainital-ranikhet-tour,Yes,No,89,2,"difficulty, cancellationPolicy"
corbett-weekend-tour,"Corbett Weekend Tour",corbett-weekend-tour,Yes,No,89,2,"difficulty, cancellationPolicy"
mumbai-goa-tour-packages,"Mumbai Goa Tour Packages",mumbai-goa-tour-packages,Yes,No,89,2,"difficulty, cancellationPolicy"
golden-triangle-tour-with-udaipur,"Golden Triangle Tour With Udaipur",golden-triangle-tour-with-udaipur,Yes,No,89,2,"difficulty, cancellationPolicy"
himachal-pradesh-honeymoon-package,"Himachal Pradesh Honeymoon Package",himachal-pradesh-honeymoon-package,Yes,No,89,2,"difficulty, cancellationPolicy"
rann-of-kutch-tour-package,"Rann of Kutch Tour Package",rann-of-kutch-tour-package,Yes,No,89,2,"difficulty, cancellationPolicy"
shirdi-tour-package,"Shirdi Tour Package",shirdi-tour-package,Yes,No,89,2,"difficulty, cancellationPolicy"
jaipur-trip-for-2-days,"Jaipur Trip For 2 Days",jaipur-trip-for-2-days,Yes,No,89,2,"difficulty, cancellationPolicy"
incredible-ladakh-holiday,"Incredible Ladakh Holiday",incredible-ladakh-holiday,Yes,No,89,2,"difficulty, cancellationPolicy"
heritage-of-rajasthan-tour-package,"Heritage of Rajasthan Tour Package",heritage-of-rajasthan-tour-package,Yes,No,89,2,"difficulty, cancellationPolicy"
golden-triangle-tour-with-jim-corbett-national-park,"Golden Triangle Tour with Jim Corbett National Park",golden-triangle-tour-with-jim-corbett-national-park,Yes,No,89,2,"difficulty, cancellationPolicy"
romantic-tour-of-kerala,"Romantic Tour of Kerala",romantic-tour-of-kerala,Yes,No,89,2,"difficulty, cancellationPolicy"
golden-triangle-tour-with-mumbai,"Golden Triangle Tour With Mumbai",golden-triangle-tour-with-mumbai,Yes,No,89,2,"difficulty, cancellationPolicy"
orissa-trip,"Orissa Trip",orissa-trip,Yes,No,89,2,"difficulty, cancellationPolicy"
kerala-hill-station-tour-package,"Kerala Hill Station Tour Package",kerala-hill-station-tour-package,Yes,No,89,2,"difficulty, cancellationPolicy"
ladakh-tour,"Ladakh Tour",ladakh-tour,Yes,No,89,2,"difficulty, cancellationPolicy"
charismatic-kashmir-tour,"Charismatic Kashmir Tour",charismatic-kashmir-tour,Yes,No,89,2,"difficulty, cancellationPolicy"
ranikhet-hill-tour,"Ranikhet Hill Tour",ranikhet-hill-tour,Yes,No,89,2,"difficulty, cancellationPolicy"
kerala-tour-package,"Kerala Tour Package",kerala-tour-package,Yes,No,89,2,"difficulty, cancellationPolicy"
kashmir-tour,"Kashmir Tour",kashmir-tour,Yes,No,89,2,"difficulty, cancellationPolicy"
chardham-yatra-tour-package,"Chardham Yatra Tour Package",chardham-yatra-tour-package,Yes,No,89,2,"difficulty, cancellationPolicy"
dharamshala-tour,"Dharamshala Tour",dharamshala-tour,Yes,No,89,2,"difficulty, cancellationPolicy"
kashmir-tour-package,"Kashmir Tour Package",kashmir-tour-package,Yes,No,89,2,"difficulty, cancellationPolicy"
dalhousie-tour,"Dalhousie Tour",dalhousie-tour,Yes,No,89,2,"difficulty, cancellationPolicy"
gujarat-holiday-packages,"Gujarat Holiday Packages",gujarat-holiday-packages,Yes,No,89,2,"difficulty, cancellationPolicy"
rann-of-kutch-festival-packages,"Rann of Kutch Festival Packages",rann-of-kutch-festival-packages,Yes,No,89,2,"difficulty, cancellationPolicy"
south-india-temple-tour,"South India Temple Tour",south-india-temple-tour,Yes,No,89,2,"difficulty, cancellationPolicy"
khandala-tour,"Khandala Tour",khandala-tour,Yes,No,89,2,"difficulty, cancellationPolicy"
north-india-heritage-tour,"North India Heritage Tour",north-india-heritage-tour,Yes,No,89,2,"difficulty, cancellationPolicy"
bandhavgarh-tour-from-mumbai,"Bandhavgarh Tour From Mumbai",bandhavgarh-tour-from-mumbai,Yes,No,89,2,"difficulty, cancellationPolicy"
leh-ladakh-road-trip-by-car,"Leh Ladakh Road Trip By Car",leh-ladakh-road-trip-by-car,Yes,No,89,2,"difficulty, cancellationPolicy"
amarnath-yatra-helicopter-services,"Amarnath Yatra Helicopter Services",amarnath-yatra-helicopter-services,Yes,No,89,2,"difficulty, cancellationPolicy"
bandhavgarh-wildlife-safari-tour-from-ahmedabad,"Bandhavgarh Wildlife Safari Tour From Ahmedabad",bandhavgarh-wildlife-safari-tour-from-ahmedabad,Yes,No,89,2,"difficulty, cancellationPolicy"
horse-safari-in-rajasthan,"Horse Safari in Rajasthan",horse-safari-in-rajasthan,Yes,No,89,2,"difficulty, cancellationPolicy"
bhopal-sanchi-bhimbetka-tour-package,"Bhopal Sanchi Bhimbetka Tour Package",bhopal-sanchi-bhimbetka-tour-package,Yes,No,89,2,"difficulty, cancellationPolicy"
best-of-karnataka-tour,"Best of Karnataka Tour",best-of-karnataka-tour,Yes,No,89,2,"difficulty, cancellationPolicy"
bharatpur-bird-sanctuary-tour,"Bharatpur Bird Sanctuary Tour",bharatpur-bird-sanctuary-tour,Yes,No,89,2,"difficulty, cancellationPolicy"
shimla-manali-tour-package-from-delhi,"Shimla Manali Tour Package From Delhi",shimla-manali-tour-package-from-delhi,Yes,No,89,2,"difficulty, cancellationPolicy"
kerala-wildlife-tour,"Kerala Wildlife Tour",kerala-wildlife-tour,Yes,No,89,2,"difficulty, cancellationPolicy"
bandhavgarh-wildlife-safari-tour-from-bangalore,"Bandhavgarh Wildlife Safari Tour From Bangalore",bandhavgarh-wildlife-safari-tour-from-bangalore,Yes,No,89,2,"difficulty, cancellationPolicy"
best-of-western-hill-tour,"Best Of Western Hill Tour",best-of-western-hill-tour,Yes,No,89,2,"difficulty, cancellationPolicy"
dalhousie-dharamshala-package,"Dalhousie Dharamshala Package",dalhousie-dharamshala-package,Yes,No,89,2,"difficulty, cancellationPolicy"
badrinath-yatra-by-helicopter,"Badrinath Yatra By Helicopter",badrinath-yatra-by-helicopter,Yes,No,89,2,"difficulty, cancellationPolicy"
jaipur-ajmer-pushkar-tour,"Jaipur Ajmer Pushkar Tour",jaipur-ajmer-pushkar-tour,Yes,No,89,2,"difficulty, cancellationPolicy"
badrinath-yatra,"Badrinath Yatra",badrinath-yatra,Yes,No,89,2,"difficulty, cancellationPolicy"
badrinath-kedarnath-yatra,"Badrinath Kedarnath Yatra",badrinath-kedarnath-yatra,Yes,No,89,2,"difficulty, cancellationPolicy"
karnataka-heritage-tour,"Karnataka Heritage Tour",karnataka-heritage-tour,Yes,No,89,2,"difficulty, cancellationPolicy"
delhi-jaipur-udaipur-tour-package,"Delhi Jaipur Udaipur Tour Package",delhi-jaipur-udaipur-tour-package,Yes,No,89,2,"difficulty, cancellationPolicy"
shimla-manali-tour-packages,"Shimla Manali Tour Packages",shimla-manali-tour-packages,Yes,No,89,2,"difficulty, cancellationPolicy"
srinagar-houseboat-packages,"Srinagar Houseboat Packages",srinagar-houseboat-packages,Yes,No,89,2,"difficulty, cancellationPolicy"
sundarbans-national-park-tour-packages,"Sundarbans National Park Tour Packages",sundarbans-national-park-tour-packages,Yes,No,89,2,"difficulty, cancellationPolicy"
nau-devi-yatra,"Nau Devi Yatra",nau-devi-yatra,Yes,No,89,2,"difficulty, cancellationPolicy"
ajanta-ellora-tour,"Ajanta Ellora Tour",ajanta-ellora-tour,Yes,No,89,2,"difficulty, cancellationPolicy"
bandhavgarh-national-park-tour,"Bandhavgarh National Park Tour",bandhavgarh-national-park-tour,Yes,No,89,2,"difficulty, cancellationPolicy"
pushkar-fair-tour-package,"Pushkar Fair Tour Package",pushkar-fair-tour-package,Yes,No,89,2,"difficulty, cancellationPolicy"
jaipur-sariska-jungle-tour,"Jaipur Sariska Jungle Tour",jaipur-sariska-jungle-tour,Yes,No,89,2,"difficulty, cancellationPolicy"
golden-triangle-tour-by-train-and-car,"Golden Triangle Tour By Train And Car",golden-triangle-tour-by-train-and-car,Yes,No,89,2,"difficulty, cancellationPolicy"
munnar-tour,"Munnar Tour",munnar-tour,Yes,No,89,2,"difficulty, cancellationPolicy"
agra-overnight-tour,"Agra Overnight Tour",agra-overnight-tour,Yes,Yes,89,2,"difficulty, cancellationPolicy"
bangalore-mysore-ooty-package,"Bangalore Mysore Ooty Package",bangalore-mysore-ooty-package,Yes,No,89,2,"difficulty, cancellationPolicy"
bangalore-mysore-ooty-tour-package,"Bangalore Mysore Ooty Tour Package",bangalore-mysore-ooty-tour-package,Yes,No,89,2,"difficulty, cancellationPolicy"
north-sikkim-tour,"North Sikkim Tour",north-sikkim-tour,Yes,No,89,2,"difficulty, cancellationPolicy"
port-blair-ltc-tour,"Port Blair LTC Tour",port-blair-ltc-tour,Yes,No,89,2,"difficulty, cancellationPolicy"
kullu-manali-tour-package-from-mumbai,"Kullu Manali Tour Package From Mumbai",kullu-manali-tour-package-from-mumbai,Yes,No,89,2,"difficulty, cancellationPolicy"
haridwar-tour,"Haridwar Tour",haridwar-tour,Yes,No,89,2,"difficulty, cancellationPolicy"
mahabaleshwar-tour,"Mahabaleshwar Tour",mahabaleshwar-tour,Yes,No,89,2,"difficulty, cancellationPolicy"
kovalam-beach-tour,"Kovalam Beach Tour",kovalam-beach-tour,Yes,No,89,2,"difficulty, cancellationPolicy"
corbett-elephant-safari-tour,"Corbett Elephant Safari Tour",corbett-elephant-safari-tour,Yes,No,89,2,"difficulty, cancellationPolicy"
lakshadweep-island-trip,"Lakshadweep Island Trip",lakshadweep-island-trip,Yes,No,89,2,"difficulty, cancellationPolicy"
taj-mahal-trip-by-air,"Taj Mahal Trip By Air",taj-mahal-trip-by-air,Yes,No,89,2,"difficulty, cancellationPolicy"
andaman-nicobar-tour,"Andaman Nicobar Tour",andaman-nicobar-tour,Yes,No,89,2,"difficulty, cancellationPolicy"
gujarat-wildlife-tour,"Gujarat Wildlife Tour",gujarat-wildlife-tour,Yes,No,89,2,"difficulty, cancellationPolicy"
12-jyotirlinga-tour-package,"12 Jyotirlinga Tour Package",12-jyotirlinga-tour-package,Yes,Yes,89,2,"difficulty, cancellationPolicy"
delhi-to-haridwar-rishikesh-tour-package,"Delhi To Haridwar Rishikesh Tour Package",delhi-to-haridwar-rishikesh-tour-package,Yes,No,89,2,"difficulty, cancellationPolicy"
karnataka-holidays,"Karnataka Holidays",karnataka-holidays,Yes,No,89,2,"difficulty, cancellationPolicy"
haridwar-mussoorie-tour-package,"Haridwar Mussoorie Tour Package",haridwar-mussoorie-tour-package,Yes,No,89,2,"difficulty, cancellationPolicy"
banerghatta-national-park-tour,"Banerghatta National Park Tour",banerghatta-national-park-tour,Yes,No,89,2,"difficulty, cancellationPolicy"
shimla-tour-package-from-delhi,"Shimla Tour Package From Delhi",shimla-tour-package-from-delhi,Yes,No,89,2,"difficulty, cancellationPolicy"
shivpuri-river-rafting-package,"Shivpuri River Rafting Package",shivpuri-river-rafting-package,Yes,No,89,2,"difficulty, cancellationPolicy"
kaudiyala-river-rafting-package,"Kaudiyala River Rafting Package",kaudiyala-river-rafting-package,Yes,No,89,2,"difficulty, cancellationPolicy"
kaziranga-wildlife-tour,"Kaziranga Wildlife Tour",kaziranga-wildlife-tour,Yes,No,89,2,"difficulty, cancellationPolicy"
golden-triangle-tour-with-ranthambore,"Golden Triangle Tour With Ranthambore",golden-triangle-tour-with-ranthambore,Yes,No,89,2,"difficulty, cancellationPolicy"
golden-goa-tour,"Golden Goa Tour",golden-goa-tour,Yes,No,89,2,"difficulty, cancellationPolicy"
eastern-triangle-tour,"Eastern Triangle Tour",eastern-triangle-tour,Yes,No,89,2,"difficulty, cancellationPolicy"
delhi-agra-tour-package-2-days,"Delhi Agra Tour Package 2 Days",delhi-agra-tour-package-2-days,Yes,No,89,2,"difficulty, cancellationPolicy"
darjeeling-gangtok-kalimpong-tour-package,"Darjeeling Gangtok Kalimpong Tour Package",darjeeling-gangtok-kalimpong-tour-package,Yes,No,89,2,"difficulty, cancellationPolicy"
tirupati-tour-package-from-chennai,"Tirupati Tour Package From Chennai",tirupati-tour-package-from-chennai,Yes,No,89,2,"difficulty, cancellationPolicy"
tirupati-package-tour,"Tirupati Package Tour",tirupati-package-tour,Yes,No,89,2,"difficulty, cancellationPolicy"
kerala-honeymoon-tour-packages,"Kerala Honeymoon Tour Packages",kerala-honeymoon-tour-packages,Yes,No,89,2,"difficulty, cancellationPolicy"
kullu-manali-tour,"Kullu Manali Tour",kullu-manali-tour,Yes,No,89,2,"difficulty, cancellationPolicy"
delhi-to-shimla-tour-package,"Delhi To Shimla Tour Package",delhi-to-shimla-tour-package,Yes,No,89,2,"difficulty, cancellationPolicy"
snake-boat-race-tour,"Snake Boat Race Tour",snake-boat-race-tour,Yes,No,89,2,"difficulty, cancellationPolicy"
rajasthan-wildlife-tour,"Rajasthan Wildlife Tour",rajasthan-wildlife-tour,Yes,No,89,2,"difficulty, cancellationPolicy"
kerala-houseboat-tours,"Kerala Houseboat Tours",kerala-houseboat-tours,Yes,No,89,2,"difficulty, cancellationPolicy"
golden-triangle-tour-by-train,"Golden Triangle Tour By Train",golden-triangle-tour-by-train,Yes,No,89,2,"difficulty, cancellationPolicy"
south-india-hill-station-tour,"South India Hill Station Tour",south-india-hill-station-tour,Yes,No,89,2,"difficulty, cancellationPolicy"
kerala-travel-package,"Kerala Travel Package",kerala-travel-package,Yes,No,89,2,"difficulty, cancellationPolicy"
maharashtra-tour,"Maharashtra Tour",maharashtra-tour,Yes,No,89,2,"difficulty, cancellationPolicy"
haridwar-rishikesh-tour,"Haridwar Rishikesh Tour",haridwar-rishikesh-tour,Yes,No,89,2,"difficulty, cancellationPolicy"
orchha-khajuraho-tour,"Orchha Khajuraho Tour",orchha-khajuraho-tour,Yes,No,89,2,"difficulty, cancellationPolicy"
hills-of-uttarakhand-package,"Hills of Uttarakhand Package",hills-of-uttarakhand-package,Yes,No,89,2,"difficulty, cancellationPolicy"
thattekad-thekkady-sanctuary-tour,"Thattekad Thekkady Sanctuary Tour",thattekad-thekkady-sanctuary-tour,Yes,No,89,2,"difficulty, cancellationPolicy"
golden-temple-tour,"Golden Temple Tour",golden-temple-tour,Yes,No,89,2,"difficulty, cancellationPolicy"
nainital-hill-tour,"Nainital Hill Tour",nainital-hill-tour,Yes,No,89,2,"difficulty, cancellationPolicy"
best-of-kumaon-hill-tour,"Best of Kumaon Hill Tour",best-of-kumaon-hill-tour,Yes,No,89,2,"difficulty, cancellationPolicy"
tour-to-kerala,"Tour to Kerala",tour-to-kerala,Yes,No,89,2,"difficulty, cancellationPolicy"
delhi-agra-varanasi-tour-package,"Delhi Agra Varanasi Tour Package",delhi-agra-varanasi-tour-package,Yes,No,89,2,"difficulty, cancellationPolicy"
dalhousie-khajjiar-dharamshala-tour,"Dalhousie Khajjiar Dharamshala Tour",dalhousie-khajjiar-dharamshala-tour,Yes,No,89,2,"difficulty, cancellationPolicy"
kerala-family-packages,"Kerala Family Packages",kerala-family-packages,Yes,No,89,2,"difficulty, cancellationPolicy"
mani-mahesh-yatra-by-helicopter,"Mani Mahesh Yatra by Helicopter",mani-mahesh-yatra-by-helicopter,Yes,No,89,2,"difficulty, cancellationPolicy"
gurudwara-in-punjab-tour,"Gurudwara In Punjab Tour",gurudwara-in-punjab-tour,Yes,No,89,2,"difficulty, cancellationPolicy"
assam-tour-package,"Assam Tour Package",assam-tour-package,Yes,No,89,2,"difficulty, cancellationPolicy"
tamil-nadu-temples-tour,"Tamil Nadu Temples Tour",tamil-nadu-temples-tour,Yes,No,89,2,"difficulty, cancellationPolicy"
kovalam-kanyakumari-tour,"Kovalam Kanyakumari Tour",kovalam-kanyakumari-tour,Yes,No,89,2,"difficulty, cancellationPolicy"
ranthambore-jaipur-package,"Ranthambore Jaipur Package",ranthambore-jaipur-package,Yes,No,89,2,"difficulty, cancellationPolicy"
taj-mahal-tour-by-car,"Taj Mahal Tour By Car",taj-mahal-tour-by-car,Yes,No,89,2,"difficulty, cancellationPolicy"
rajaji-national-park-tour,"Rajaji National Park Tour",rajaji-national-park-tour,Yes,No,89,2,"difficulty, cancellationPolicy"
ayodhya-tour-package,"Ayodhya Tour Package",ayodhya-tour-package,Yes,No,89,2,"difficulty, cancellationPolicy"
bandhavgarh-national-park-tour-package,"Bandhavgarh National Park Tour Package",bandhavgarh-national-park-tour-package,Yes,No,89,2,"difficulty, cancellationPolicy"
amarnath-yatra,"Amarnath Yatra",amarnath-yatra,Yes,No,89,2,"difficulty, cancellationPolicy"
orissa-golden-triangle-tour,"Orissa Golden Triangle Tour",orissa-golden-triangle-tour,Yes,No,89,2,"difficulty, cancellationPolicy"
rajasthan-desert-safari,"Rajasthan Desert Safari",rajasthan-desert-safari,Yes,No,89,2,"difficulty, cancellationPolicy"
golden-triangle-tour,"Golden Triangle Tour",golden-triangle-tour,Yes,No,89,2,"difficulty, cancellationPolicy"
mount-abu-tour-package,"Best of Mount Abu Tour",mount-abu-tour-package,Yes,No,89,2,"difficulty, cancellationPolicy"
orissa-tour-package,"Orissa Tour Package",orissa-tour-package,Yes,No,89,2,"difficulty, cancellationPolicy"
rajasthan-desert-tour,"Rajasthan Desert Tour",rajasthan-desert-tour,Yes,No,89,2,"difficulty, cancellationPolicy"
rajasthan-tour-by-car,"Rajasthan Tour By Car",rajasthan-tour-by-car,Yes,No,89,2,"difficulty, cancellationPolicy"
munnar-hill-station-tour,"Munnar Hill Station Tour",munnar-hill-station-tour,Yes,No,89,2,"difficulty, cancellationPolicy"
agra-jaipur-tour,"Agra Jaipur Tour",agra-jaipur-tour,Yes,Yes,89,2,"difficulty, cancellationPolicy"
munnar-hill-tour,"Munnar Hill Tour",munnar-hill-tour,Yes,No,89,2,"difficulty, cancellationPolicy"
sai-baba-of-puttaparthi-tour,"Sai Baba of Puttaparthi Tour",sai-baba-of-puttaparthi-tour,Yes,No,89,2,"difficulty, cancellationPolicy"
guwahati-shillong-cherrapunjee-tour,"Guwahati Shillong Cherrapunjee Tour",guwahati-shillong-cherrapunjee-tour,Yes,No,89,2,"difficulty, cancellationPolicy"
golden-triangle-tour-with-goa,"Golden Triangle Tour With Goa",golden-triangle-tour-with-goa,Yes,No,89,2,"difficulty, cancellationPolicy"
kerala-honeymoon-package,"Kerala Honeymoon Package",kerala-honeymoon-package,Yes,No,89,2,"difficulty, cancellationPolicy"
mussoorie-hill-station-tour,"Mussoorie Hill Station Tour",mussoorie-hill-station-tour,Yes,No,89,2,"difficulty, cancellationPolicy"
bikaner-camel-festival-tour,"Bikaner Camel Festival Tour",bikaner-camel-festival-tour,Yes,No,89,2,"difficulty, cancellationPolicy"
fascinating-gujarat-holiday-tour-package,"Fascinating Gujarat Holiday Tour Package",fascinating-gujarat-holiday-tour-package,Yes,No,89,2,"difficulty, cancellationPolicy"
muslim-pilgrimage-tour,"Muslim Pilgrimage Tour",muslim-pilgrimage-tour,Yes,No,89,2,"difficulty, cancellationPolicy"
golden-temple-tour-amritsar,"Golden Temple Tour Amritsar",golden-temple-tour-amritsar,Yes,No,89,2,"difficulty, cancellationPolicy"
classic-india-tour,"Classic India Tour",classic-india-tour,Yes,No,89,2,"difficulty, cancellationPolicy"
mewar-tour-packages,"Mewar Tour Packages",mewar-tour-packages,Yes,No,89,2,"difficulty, cancellationPolicy"
srisailam-wildlife-tour,"Srisailam Wildlife Tour",srisailam-wildlife-tour,Yes,No,89,2,"difficulty, cancellationPolicy"
bandhavgarh-safari,"Bandhavgarh Safari",bandhavgarh-safari,Yes,No,89,2,"difficulty, cancellationPolicy"
lonavala-khandala-tour-package,"Lonavala Khandala Tour Package",lonavala-khandala-tour-package,Yes,No,89,2,"difficulty, cancellationPolicy"
golden-triangle-tour-with-varanasi,"Golden Triangle Tour With Varanasi",golden-triangle-tour-with-varanasi,Yes,No,89,2,"difficulty, cancellationPolicy"
rajasthan-tour-package,"Rajasthan Tour Package",rajasthan-tour-package,Yes,No,89,2,"difficulty, cancellationPolicy"
nainital-almora-kausani-tour,"Nainital Almora Kausani Tour",nainital-almora-kausani-tour,Yes,No,89,2,"difficulty, cancellationPolicy"
nainital-tour-package,"Nainital Tour Package",nainital-tour-package,Yes,No,89,2,"difficulty, cancellationPolicy"
dwarka-somnath-package-from-delhi,"Dwarka Somnath Package From Delhi",dwarka-somnath-package-from-delhi,Yes,No,89,2,"difficulty, cancellationPolicy"
corbett-nainital-package,"Corbett Nainital Package",corbett-nainital-package,Yes,No,89,2,"difficulty, cancellationPolicy"
ooty-kodaikanal-munnar-tour-package,"Ooty Kodaikanal Munnar Tour Package",ooty-kodaikanal-munnar-tour-package,Yes,No,89,2,"difficulty, cancellationPolicy"
golden-triangle-and-gangaur-festival-tour,"Golden Triangle and Gangaur Festival Tour",golden-triangle-and-gangaur-festival-tour,Yes,No,89,2,"difficulty, cancellationPolicy"
corbett-national-park-tour,"Corbett National Park Tour",corbett-national-park-tour,Yes,No,89,2,"difficulty, cancellationPolicy"
kerala-trip-honeymoon-package,"Kerala Trip Honeymoon Package",kerala-trip-honeymoon-package,Yes,No,89,2,"difficulty, cancellationPolicy"
delhi-to-agra-tour-packages,"Delhi To Agra Tour Packages",delhi-to-agra-tour-packages,Yes,No,89,2,"difficulty, cancellationPolicy"
kerala-backwater-trip,"Kerala Backwater Trip",kerala-backwater-trip,Yes,No,89,2,"difficulty, cancellationPolicy"