id,name,slug,stateId,stateName,createdAt,updatedAt
"00Fjr8ISvqR3cLiNVzq3","Mahabalipuram","mahabalipuram","Y304vfBDbXCdK85h39vq","Tamil Nadu","2025-10-26T06:16:21.000Z","2025-10-26T06:16:21.000Z"
"0N1xuv3oqwInRwgZSRuX","Chitharal","chitharal","Y304vfBDbXCdK85h39vq","Tamil Nadu","2025-10-26T06:16:21.000Z","2025-10-26T06:16:21.000Z"
"0SEKdoxPLjDJ54qk2PtZ","Ranthambhore","ranthambhore","uboZR93AjAD4VK7iRukm","Rajasthan","2025-10-26T06:16:21.000Z","2025-10-26T06:16:21.000Z"
"0igZbhkHbnid6VoUmRqj","Pithoragarh","pithoragarh","6LQT7nKYpCHJtGoiRO0V","Uttarakhand","2025-10-26T06:16:21.000Z","2025-10-26T06:16:21.000Z"
"1Hh5hVWNcSXBNWWk8yvP","Kotgarh","kotgarh","REt6LPaf2rVVo7JzbtDc","Himachal Pradesh","2025-10-26T06:16:21.000Z","2025-10-26T06:16:21.000Z"
"1x7gpUPWFpP3UjYeCMkO","Avantipur","avantipur","DLu93rzxcJ3F4x7hOlBJ","Jammu And Kashmir","2025-10-26T06:16:21.000Z","2025-10-26T06:16:21.000Z"
"2mke07g1PSO6KvkaZc7S","Bellikkal","bellikkal","Y304vfBDbXCdK85h39vq","Tamil Nadu","2025-10-26T06:16:21.000Z","2025-10-26T06:16:21.000Z"
"30HhQtT1jtPiQKcjFAWf","Visakhapatnam","visakhapatnam","bmDeud9E6hOT8et5YRfF","Andhra Pradesh","2025-10-26T06:16:21.000Z","2025-10-26T06:16:21.000Z"
"3Lg1xXtJ0kuOH38I1X8m","Ahmedabad","ahmedabad","0ovcuLYSr3YaUVScR39O","Gujarat","2025-10-26T06:16:21.000Z","2025-10-26T06:16:21.000Z"
"3hkmDVBLTlItKUzk99XS","Mamit","mamit","bD3QCeM6Zepx8Q1xi67Y","Mizoram","2025-10-26T06:16:21.000Z","2025-10-26T06:16:21.000Z"
"4MgqAt7zrKRI2LydEozo","Wokha","wokha","yfNDQnzaCGZ2jsagJ9Ns","Nagaland","2025-10-26T06:16:21.000Z","2025-10-26T06:16:21.000Z"
"4WTN4zqilBH5qyAJnA5Q","Agartala","agartala","uhEixjMciYm2oHy4LVMj","Tripura","2025-10-26T06:16:21.000Z","2025-10-26T06:16:21.000Z"
"4x18TTDSVvLTa8WquRoE","Khajuraho","khajuraho","Wxm0e0coBDzMmtYIigwz","Madhya Pradesh","2025-10-26T06:16:21.000Z","2025-10-26T06:16:21.000Z"
"5TNgFIdMf76NJfHPTyv5","Chitrakoot","chitrakoot","Wxm0e0coBDzMmtYIigwz","Madhya Pradesh","2025-10-26T06:16:21.000Z","2025-10-26T06:16:21.000Z"
"5XfkIqBt5IguHyHgsuFv","Palani","palani","Y304vfBDbXCdK85h39vq","Tamil Nadu","2025-10-26T06:16:21.000Z","2025-10-26T06:16:21.000Z"
"5jpEYSvrEp9cO8OfWQt6","Kotagiri","kotagiri","Y304vfBDbXCdK85h39vq","Tamil Nadu","2025-10-26T06:16:21.000Z","2025-10-26T06:16:21.000Z"
"69labzEqr1xtbIYSh6am","Phawngpui","phawngpui","bD3QCeM6Zepx8Q1xi67Y","Mizoram","2025-10-26T06:16:21.000Z","2025-10-26T06:16:21.000Z"
"6RqGklrRHXSMEF6IbBu1","Ranikhet","ranikhet","6LQT7nKYpCHJtGoiRO0V","Uttarakhand","2025-10-26T06:16:21.000Z","2025-10-26T06:16:21.000Z"
"6ZhJUD5DIs0aJiQoP73T","Ramgarh","ramgarh","6LQT7nKYpCHJtGoiRO0V","Uttarakhand","2025-10-26T06:16:21.000Z","2025-10-26T06:16:21.000Z"
"6aAfMXZH7MU4PidOxovU","Bhagalpur","bhagalpur","IlISqZKU1Jj8hVOoTP3x","Bihar","2025-10-26T06:16:21.000Z","2025-10-26T06:16:21.000Z"
"6bKaHRIRZKHZAtjJdWbc","Thrissur","thrissur","0ZxRhMN7jQgEzw6ppzwM","Kerala","2025-10-26T06:16:21.000Z","2025-10-26T06:16:21.000Z"
"6jllWk9qrNiWMHUoNQ5C","Thekkady","thekkady","0ZxRhMN7jQgEzw6ppzwM","Kerala","2025-10-26T06:16:21.000Z","2025-10-26T06:16:21.000Z"
"6uZPvIFXXOxQoX1C9Xy2","Almora","almora","6LQT7nKYpCHJtGoiRO0V","Uttarakhand","2025-10-26T06:16:21.000Z","2025-10-26T06:16:21.000Z"
"7QfKsXjEgDtFJEDluXKX","Alibag","alibag","eDsJuKnPg7NuDdI0zmQQ","Maharashtra","2025-10-26T06:16:21.000Z","2025-10-26T06:16:21.000Z"
"7a85lLoiPtOzior9qtkg","Alleppey","alleppey","0ZxRhMN7jQgEzw6ppzwM","Kerala","2025-10-26T06:16:21.000Z","2025-10-26T06:16:21.000Z"
"7opvc6hGQiX5JkjmFMSQ","Palakkad","palakkad","0ZxRhMN7jQgEzw6ppzwM","Kerala","2025-10-26T06:16:21.000Z","2025-10-26T06:16:21.000Z"
"7p0rXA1oa4lO1tOCjqND","Amarkantak","amarkantak","Wxm0e0coBDzMmtYIigwz","Madhya Pradesh","2025-10-26T06:16:21.000Z","2025-10-26T06:16:21.000Z"
"80Mz0czsPVs45BdH7bYs","Hailakandi","hailakandi","AczSiYKxleVDyKgx36Ow","Assam","2025-10-26T06:16:21.000Z","2025-10-26T06:16:21.000Z"
"8QzlwFgfNtuxbh9xsxcA","Calicut","calicut","0ZxRhMN7jQgEzw6ppzwM","Kerala","2025-10-26T06:16:21.000Z","2025-10-26T06:16:21.000Z"
"8R493lnzCKx68UZqwUei","Dhauli","dhauli","8WGMO4jSBbNOq272w5ZC","Odisha","2025-10-26T06:16:21.000Z","2025-10-26T06:16:21.000Z"
"950vtLVaABEILeRtvdM4","Pattadakal","pattadakal","eVviZqGlalajGUQDL6Z7","Karnataka","2025-10-26T06:16:21.000Z","2025-10-26T06:16:21.000Z"
"9JDtcXM5wfENHpCzDIsu","Srinagar","srinagar","DLu93rzxcJ3F4x7hOlBJ","Jammu And Kashmir","2025-10-26T06:16:21.000Z","2025-10-26T06:16:21.000Z"
"9NEmtEU6QtFgD4cNslaO","Vagamon","vagamon","0ZxRhMN7jQgEzw6ppzwM","Kerala","2025-10-26T06:16:21.000Z","2025-10-26T06:16:21.000Z"
"9h1B1oWUQEgcxlKxTPZ7","Nersa","nersa","eVviZqGlalajGUQDL6Z7","Karnataka","2025-10-26T06:16:21.000Z","2025-10-26T06:16:21.000Z"
"AUBNXurT5IZvSPWzu43m","Jabalpur","jabalpur","Wxm0e0coBDzMmtYIigwz","Madhya Pradesh","2025-10-26T06:16:21.000Z","2025-10-26T06:16:21.000Z"
"AlSNslgrJkudnp4hGcbK","Auroville","auroville","SJ0x2JDpbYTN3r6Czir1","Puducherry","2025-10-26T06:16:21.000Z","2025-10-26T06:16:21.000Z"
"BOJN2VgEDF6UPPMGOxaH","Mukteshwar","mukteshwar","6LQT7nKYpCHJtGoiRO0V","Uttarakhand","2025-10-26T06:16:21.000Z","2025-10-26T06:16:21.000Z"
"BmN9hAv6vHNIQUlf3Q0P","Jaipur","jaipur","uboZR93AjAD4VK7iRukm","Rajasthan","2025-10-26T06:16:21.000Z","2025-10-26T06:16:21.000Z"
"ByP5Qfu8MWNeIgmuAOVY","Chittoor","chittoor","bmDeud9E6hOT8et5YRfF","Andhra Pradesh","2025-10-26T06:16:21.000Z","2025-10-26T06:16:21.000Z"
"C6X9IMAzYyYWEBNCx1uD","Jagdalpur","jagdalpur","5RstSLVHmbfXTiMOUy6Q","Chhattisgarh","2025-10-26T06:16:21.000Z","2025-10-26T06:16:21.000Z"
"CEuMFfGZYA9XMvtd1paI","Bhandardara","bhandardara","eDsJuKnPg7NuDdI0zmQQ","Maharashtra","2025-10-26T06:16:21.000Z","2025-10-26T06:16:21.000Z"
"CNS8ThSjcE8mD47x8dti","Harsil","harsil","6LQT7nKYpCHJtGoiRO0V","Uttarakhand","2025-10-26T06:16:21.000Z","2025-10-26T06:16:21.000Z"
"CZngEXRogoIoe504KV8q","Warangal","warangal","bmDeud9E6hOT8et5YRfF","Andhra Pradesh","2025-10-26T06:16:21.000Z","2025-10-26T06:16:21.000Z"
"CalQRYfV4B5PADPdM8Qn","Mokokchung","mokokchung","yfNDQnzaCGZ2jsagJ9Ns","Nagaland","2025-10-26T06:16:21.000Z","2025-10-26T06:16:21.000Z"
"CzNcgdEOKv1JMumYHPrQ","Abbott Mount","abbott-mount","6LQT7nKYpCHJtGoiRO0V","Uttarakhand","2025-10-26T06:16:21.000Z","2025-10-26T06:16:21.000Z"
"DDwsfwQUDmxnMnVIAHKR","Yelagiri","yelagiri","Y304vfBDbXCdK85h39vq","Tamil Nadu","2025-10-26T06:16:21.000Z","2025-10-26T06:16:21.000Z"
"DY173IXZ6c9xF82OOsRO","Kutch","kutch","0ovcuLYSr3YaUVScR39O","Gujarat","2025-10-26T06:16:21.000Z","2025-10-26T06:16:21.000Z"
"EhTOPlZpwBVWsAUwuzss","Kawardha","kawardha","5RstSLVHmbfXTiMOUy6Q","Chhattisgarh","2025-10-26T06:16:21.000Z","2025-10-26T06:16:21.000Z"
"F7Lac1SDy11UduFwO6zg","Srirangapatna","srirangapatna","eVviZqGlalajGUQDL6Z7","Karnataka","2025-10-26T06:16:21.000Z","2025-10-26T06:16:21.000Z"
"F8ScDNh0k6CRUbJuAOwO","Baikunthpur","baikunthpur","5RstSLVHmbfXTiMOUy6Q","Chhattisgarh","2025-10-26T06:16:21.000Z","2025-10-26T06:16:21.000Z"
"F9QbbJyQGbZLtd6HCiyE","Balasore","balasore","8WGMO4jSBbNOq272w5ZC","Odisha","2025-10-26T06:16:21.000Z","2025-10-26T06:16:21.000Z"
"FJFRevmo7JcJQ8fGvKBY","Gushaini Village","gushaini-village","REt6LPaf2rVVo7JzbtDc","Himachal Pradesh","2025-10-26T06:16:21.000Z","2025-10-26T06:16:21.000Z"
"FOLij05QoGUiE7oEsPjf","Bikaner","bikaner","uboZR93AjAD4VK7iRukm","Rajasthan","2025-10-26T06:16:21.000Z","2025-10-26T06:16:21.000Z"
"Ft97E7EaT7FVnpRukvS5","Marigaon","marigaon","AczSiYKxleVDyKgx36Ow","Assam","2025-10-26T06:16:21.000Z","2025-10-26T06:16:21.000Z"
"FxJyWUuYJ24uMOQuK0Cn","Nelliyampathy","nelliyampathy","0ZxRhMN7jQgEzw6ppzwM","Kerala","2025-10-26T06:16:21.000Z","2025-10-26T06:16:21.000Z"
"GdN0kiccD3xSX6UAbfuX","Alchi","alchi","F0nKr2vMOD5JMwH0Lj3i","Ladakh","2025-10-26T06:16:21.000Z","2025-10-26T06:16:21.000Z"
"GpNDEjdhafuO6viL2yNF","Guntur","guntur","bmDeud9E6hOT8et5YRfF","Andhra Pradesh","2025-10-26T06:16:21.000Z","2025-10-26T06:16:21.000Z"
"H44d9DbkhZSVxHzDnat1","Payyoli","payyoli","0ZxRhMN7jQgEzw6ppzwM","Kerala","2025-10-26T06:16:21.000Z","2025-10-26T06:16:21.000Z"
"HBBGIyAAkib7vGjsI5Eg","Saputara","saputara","0ovcuLYSr3YaUVScR39O","Gujarat","2025-10-26T06:16:21.000Z","2025-10-26T06:16:21.000Z"
"HCJWvZJrugjlQOdnzRuT","Periyar","periyar","0ZxRhMN7jQgEzw6ppzwM","Kerala","2025-10-26T06:16:21.000Z","2025-10-26T06:16:21.000Z"
"I1emL8R7N83WcG4RRkAd","Pavagarh","pavagarh","0ovcuLYSr3YaUVScR39O","Gujarat","2025-10-26T06:16:21.000Z","2025-10-26T06:16:21.000Z"
"I42WB0SqPd3NJsMG1UvO","Kufri","kufri","REt6LPaf2rVVo7JzbtDc","Himachal Pradesh","2025-10-26T06:16:21.000Z","2025-10-26T06:16:21.000Z"
"IAzgDBMLceUvXfxqwoyJ","Nalanda","nalanda","IlISqZKU1Jj8hVOoTP3x","Bihar","2025-10-26T06:16:21.000Z","2025-10-26T06:16:21.000Z"
"IPiWSNNvl5gG31l6NDJC","Chidambaram","chidambaram","Y304vfBDbXCdK85h39vq","Tamil Nadu","2025-10-26T06:16:21.000Z","2025-10-26T06:16:21.000Z"
"ISk3J8lLD3RWmnBNS2pL","Bangalore","bangalore","eVviZqGlalajGUQDL6Z7","Karnataka","2025-10-26T06:16:21.000Z","2025-10-26T06:16:21.000Z"
"J5I2691AZau6iXJreGQd","Palampur","palampur","REt6LPaf2rVVo7JzbtDc","Himachal Pradesh","2025-10-26T06:16:21.000Z","2025-10-26T06:16:21.000Z"
"J652xWqgGHOS2bgwKc9Z","Gwalior","gwalior","Wxm0e0coBDzMmtYIigwz","Madhya Pradesh","2025-10-26T06:16:21.000Z","2025-10-26T06:16:21.000Z"
"K0aaXOVDMqBEVEDIxjAV","Alwar","alwar","uboZR93AjAD4VK7iRukm","Rajasthan","2025-10-26T06:16:21.000Z","2025-10-26T06:16:21.000Z"
"KExM3bHoldJ8GnX8watN","Dantewada","dantewada","5RstSLVHmbfXTiMOUy6Q","Chhattisgarh","2025-10-26T06:16:21.000Z","2025-10-26T06:16:21.000Z"
"KMkTAxbmJ2s7YXbOJCIQ","Lansdowne","lansdowne","6LQT7nKYpCHJtGoiRO0V","Uttarakhand","2025-10-26T06:16:21.000Z","2025-10-26T06:16:21.000Z"
"KPyxKEuvl4LQTRttTBXc","Eluru","eluru","bmDeud9E6hOT8et5YRfF","Andhra Pradesh","2025-10-26T06:16:21.000Z","2025-10-26T06:16:21.000Z"
"KZI6WhoJOKbiVjm0U2eV","Ooty","ooty","Y304vfBDbXCdK85h39vq","Tamil Nadu","2025-10-26T06:16:21.000Z","2025-10-26T06:16:21.000Z"
"KfsaM3PKGCV5msTMUJJU","Mount Abu","mount-abu","uboZR93AjAD4VK7iRukm","Rajasthan","2025-10-26T06:16:21.000Z","2025-10-26T06:16:21.000Z"
"KtMzTx1YiNY1MUx4VAEU","Durg","durg","5RstSLVHmbfXTiMOUy6Q","Chhattisgarh","2025-10-26T06:16:21.000Z","2025-10-26T06:16:21.000Z"
"L3KWrY8HxgrnfZq8cnR7","Haflong","haflong","AczSiYKxleVDyKgx36Ow","Assam","2025-10-26T06:16:21.000Z","2025-10-26T06:16:21.000Z"
"LBivSroh9ZVl0sIqn05H","Kasauni","kasauni","6LQT7nKYpCHJtGoiRO0V","Uttarakhand","2025-10-26T06:16:21.000Z","2025-10-26T06:16:21.000Z"
"LWK7k7VdFh6Od5kNprsO","Mahabaleshwar","mahabaleshwar","eDsJuKnPg7NuDdI0zmQQ","Maharashtra","2025-10-26T06:16:21.000Z","2025-10-26T06:16:21.000Z"
"MGfM0nnthne0jfKsmFCB","Sangla","sangla","REt6LPaf2rVVo7JzbtDc","Himachal Pradesh","2025-10-26T06:16:21.000Z","2025-10-26T06:16:21.000Z"
"MSN4r8CCw0AZcpo7qpGF","Yercaud","yercaud","Y304vfBDbXCdK85h39vq","Tamil Nadu","2025-10-26T06:16:21.000Z","2025-10-26T06:16:21.000Z"
"MitYiGmv6tWnRj8rdCMv","Kakinada","kakinada","bmDeud9E6hOT8et5YRfF","Andhra Pradesh","2025-10-26T06:16:21.000Z","2025-10-26T06:16:21.000Z"
"MsssVLBr8DfCaPWmNc3l","Janjgir","janjgir","5RstSLVHmbfXTiMOUy6Q","Chhattisgarh","2025-10-26T06:16:21.000Z","2025-10-26T06:16:21.000Z"
"Mw81txx5bCw38nCZAbOs","Rishikesh","rishikesh","6LQT7nKYpCHJtGoiRO0V","Uttarakhand","2025-10-26T06:16:21.000Z","2025-10-26T06:16:21.000Z"
"N0QRK6pdAskmwVXcudR6","Panchkula","panchkula","C9kqgSybeCQdSODdO4Hg","Haryana","2025-10-26T06:16:21.000Z","2025-10-26T06:16:21.000Z"
"NYaNSjEZgPQkw7M620fn","Halebid","halebid","eVviZqGlalajGUQDL6Z7","Karnataka","2025-10-26T06:16:21.000Z","2025-10-26T06:16:21.000Z"
"Na5cRUWr0kNgIkahlS02","Chopta Valley","chopta-valley","LezQ15awd5icCXxE3Hf6","Sikkim","2025-10-26T06:16:21.000Z","2025-10-26T06:16:21.000Z"
"NaNpmRChVPqnqN2pRXyA","Kovalam","kovalam","0ZxRhMN7jQgEzw6ppzwM","Kerala","2025-10-26T06:16:21.000Z","2025-10-26T06:16:21.000Z"
"Ne7DWBZtQJL4PSooixWJ","Zunheboto","zunheboto","yfNDQnzaCGZ2jsagJ9Ns","Nagaland","2025-10-26T06:16:21.000Z","2025-10-26T06:16:21.000Z"
"Nnk3m9dj8Q1NLUye63cD","Amboli","amboli","eDsJuKnPg7NuDdI0zmQQ","Maharashtra","2025-10-26T06:16:21.000Z","2025-10-26T06:16:21.000Z"
"OFvZtICIV9Sfe2xHuMhm","Thiruvilwamala","thiruvilwamala","0ZxRhMN7jQgEzw6ppzwM","Kerala","2025-10-26T06:16:21.000Z","2025-10-26T06:16:21.000Z"
"Okd4uGwfsunDrivGTaAg","Mcleodganj","mcleodganj","REt6LPaf2rVVo7JzbtDc","Himachal Pradesh","2025-10-26T06:16:21.000Z","2025-10-26T06:16:21.000Z"
"OxSMtSNFzMUzpeeXVGmE","Coorg","coorg","eVviZqGlalajGUQDL6Z7","Karnataka","2025-10-26T06:16:21.000Z","2025-10-26T06:16:21.000Z"
"Oy61NQqqwz0B9K7k5uYW","Igatpuri","igatpuri","eDsJuKnPg7NuDdI0zmQQ","Maharashtra","2025-10-26T06:16:21.000Z","2025-10-26T06:16:21.000Z"
"PD8nGKioIJcFp7xSr5BQ","Kalady","kalady","0ZxRhMN7jQgEzw6ppzwM","Kerala","2025-10-26T06:16:21.000Z","2025-10-26T06:16:21.000Z"
"PKpI2sPERMWEq0nheiQo","Ajmer","ajmer","uboZR93AjAD4VK7iRukm","Rajasthan","2025-10-26T06:16:21.000Z","2025-10-26T06:16:21.000Z"
"PQDHXmsFXPuCdH1BcAIW","Chittorgarh","chittorgarh","uboZR93AjAD4VK7iRukm","Rajasthan","2025-10-26T06:16:21.000Z","2025-10-26T06:16:21.000Z"
"Pa8GL1SaDqgweLHqnfKZ","Haridwar","haridwar","6LQT7nKYpCHJtGoiRO0V","Uttarakhand","2025-10-26T06:16:21.000Z","2025-10-26T06:16:21.000Z"
"PibpgN0I84fMc8O178VC","Madikeri","madikeri","eVviZqGlalajGUQDL6Z7","Karnataka","2025-10-26T06:16:21.000Z","2025-10-26T06:16:21.000Z"
"PnnHoMn68EVEtARZzQzP","Badami","badami","eVviZqGlalajGUQDL6Z7","Karnataka","2025-10-26T06:16:21.000Z","2025-10-26T06:16:21.000Z"
"QkgGgnB4WYDYNq0WFa8Y","Zanskar","zanskar","F0nKr2vMOD5JMwH0Lj3i","Ladakh","2025-10-26T06:16:21.000Z","2025-10-26T06:16:21.000Z"
"QwRNbuczbSZOvtz2BMtu","Ranchi","ranchi","AFJQP4Y66ogaZPNo7StL","Jharkhand","2025-10-26T06:16:21.000Z","2025-10-26T06:16:21.000Z"
"RANs60s7wXbEIgEu6IyN","Kanyakumari","kanyakumari","Y304vfBDbXCdK85h39vq","Tamil Nadu","2025-10-26T06:16:21.000Z","2025-10-26T06:16:21.000Z"
"Rjq3nsyAHiX4UNAhbfK0","Billing","billing","REt6LPaf2rVVo7JzbtDc","Himachal Pradesh","2025-10-26T06:16:21.000Z","2025-10-26T06:16:21.000Z"
"RltklTSINjfxN95Xxpau","Munsiyari","munsiyari","6LQT7nKYpCHJtGoiRO0V","Uttarakhand","2025-10-26T06:16:21.000Z","2025-10-26T06:16:21.000Z"
"RqWTr1aWitkj2fML6x8p","Bharatpur","bharatpur","uboZR93AjAD4VK7iRukm","Rajasthan","2025-10-26T06:16:21.000Z","2025-10-26T06:16:21.000Z"
"RrcO6MH4opEfsmcVH9Gt","Ponmudi","ponmudi","0ZxRhMN7jQgEzw6ppzwM","Kerala","2025-10-26T06:16:21.000Z","2025-10-26T06:16:21.000Z"
"Rxrz26Hkcnlm8tM9TtcY","Pushkar","pushkar","uboZR93AjAD4VK7iRukm","Rajasthan","2025-10-26T06:16:21.000Z","2025-10-26T06:16:21.000Z"
"STFizIVFAzRc0vk8HHts","Shiridi","shiridi","eDsJuKnPg7NuDdI0zmQQ","Maharashtra","2025-10-26T06:16:21.000Z","2025-10-26T06:16:21.000Z"
"SmrfAbGQb5Ati1LWyN6O","Toranmal","toranmal","eDsJuKnPg7NuDdI0zmQQ","Maharashtra","2025-10-26T06:16:21.000Z","2025-10-26T06:16:21.000Z"
"TR9KPdHHix6MQ8FLoyz6","Chail","chail","REt6LPaf2rVVo7JzbtDc","Himachal Pradesh","2025-10-26T06:16:21.000Z","2025-10-26T06:16:21.000Z"
"Tjuh7jDN87puyrUOod6N","Ziro","ziro","JbiIvUZ8ToP9LaTP7IXX","Arunachal Pradesh","2025-10-26T06:16:21.000Z","2025-10-26T06:16:21.000Z"
"U8HmeNcOwAIYDK8OiPLW","Silchar","silchar","AczSiYKxleVDyKgx36Ow","Assam","2025-10-26T06:16:21.000Z","2025-10-26T06:16:21.000Z"
"UAmOcC8CppYygIu3gaVZ","Lachung","lachung","LezQ15awd5icCXxE3Hf6","Sikkim","2025-10-26T06:16:21.000Z","2025-10-26T06:16:21.000Z"
"UCy5HhHwRf5jhSOUOkxF","Dharamsala","dharamsala","REt6LPaf2rVVo7JzbtDc","Himachal Pradesh","2025-10-26T06:16:21.000Z","2025-10-26T06:16:21.000Z"
"UOIeogcrVmhM2ldtgAvn","Hampi","hampi","eVviZqGlalajGUQDL6Z7","Karnataka","2025-10-26T06:16:21.000Z","2025-10-26T06:16:21.000Z"
"UUbP1wFvPinrgRBb72EA","Panipat","panipat","C9kqgSybeCQdSODdO4Hg","Haryana","2025-10-26T06:16:21.000Z","2025-10-26T06:16:21.000Z"
"UYimcxtZT09lpRFp0GqJ","Omkareshwar","omkareshwar","Wxm0e0coBDzMmtYIigwz","Madhya Pradesh","2025-10-26T06:16:21.000Z","2025-10-26T06:16:21.000Z"
"Uy672ed9fLAd2IMPtydq","Gorakhpur","gorakhpur","PNJvE5gUHlownJBjvvES","Uttar Pradesh","2025-10-26T06:16:21.000Z","2025-10-26T06:16:21.000Z"
"VDY5vnpOBkZ4z9IuDpXL","Sanchi","sanchi","Wxm0e0coBDzMmtYIigwz","Madhya Pradesh","2025-10-26T06:16:21.000Z","2025-10-26T06:16:21.000Z"
"VN0HESBzUwZiPo116Epb","Vaishali","vaishali","IlISqZKU1Jj8hVOoTP3x","Bihar","2025-10-26T06:16:21.000Z","2025-10-26T06:16:21.000Z"
"VYyj5Vlz9Spn44kAE1pA","Kohima","kohima","yfNDQnzaCGZ2jsagJ9Ns","Nagaland","2025-10-26T06:16:21.000Z","2025-10-26T06:16:21.000Z"
"VdZLWcsLfbnFAv1p8m4T","Pondicherry","pondicherry","HOWbCOBtBu6otjFZe6eK","Pondicherry *","2025-10-26T06:16:21.000Z","2025-10-26T06:16:21.000Z"
"WAeExbsBtIOUSxeHmoZV","Daman","daman","u8RlYShAno1JYGGsBxB5","Daman & Diu *","2025-10-26T06:16:21.000Z","2025-10-26T06:16:21.000Z"
"WJmCqK58rcLzgH5d7Cwx","Trivandrum","trivandrum","0ZxRhMN7jQgEzw6ppzwM","Kerala","2025-10-26T06:16:21.000Z","2025-10-26T06:16:21.000Z"
"WRFZkLJIZx9I7uUgp7jt","Majuli","majuli","AczSiYKxleVDyKgx36Ow","Assam","2025-10-26T06:16:21.000Z","2025-10-26T06:16:21.000Z"
"WUCgziVg4GY5YbgXErWQ","Pachmarhi","pachmarhi","Wxm0e0coBDzMmtYIigwz","Madhya Pradesh","2025-10-26T06:16:21.000Z","2025-10-26T06:16:21.000Z"
"XOs1POLTQRY2dyDSJwSZ","Nainital","nainital","6LQT7nKYpCHJtGoiRO0V","Uttarakhand","2025-10-26T06:16:21.000Z","2025-10-26T06:16:21.000Z"
"XPQv7XvSAXsHMMJKfIcK","Pauri","pauri","6LQT7nKYpCHJtGoiRO0V","Uttarakhand","2025-10-26T06:16:21.000Z","2025-10-26T06:16:21.000Z"
"Xdx3voBsDILMSvV42KMz","Agra","agra","PNJvE5gUHlownJBjvvES","Uttar Pradesh","2025-10-26T06:16:21.000Z","2025-10-26T06:16:21.000Z"
"YD4rOAQ4L2w775AXLocj","Cochin","cochin","0ZxRhMN7jQgEzw6ppzwM","Kerala","2025-10-26T06:16:21.000Z","2025-10-26T06:16:21.000Z"
"YKFdou23VRkSNGY4d4Lu","Malampuzha","malampuzha","0ZxRhMN7jQgEzw6ppzwM","Kerala","2025-10-26T06:16:21.000Z","2025-10-26T06:16:21.000Z"
"YeUaX2Ku0t0fJZ4DB6D2","Mashobra","mashobra","REt6LPaf2rVVo7JzbtDc","Himachal Pradesh","2025-10-26T06:16:21.000Z","2025-10-26T06:16:21.000Z"
"YgozXsgENk34Byg3K0Tw","Tezu","tezu","JbiIvUZ8ToP9LaTP7IXX","Arunachal Pradesh","2025-10-26T06:16:21.000Z","2025-10-26T06:16:21.000Z"
"YtV3NeEFE5a5q3pmwAYd","Vrindavan","vrindavan","PNJvE5gUHlownJBjvvES","Uttar Pradesh","2025-10-26T06:16:21.000Z","2025-10-26T06:16:21.000Z"
"ZgZ9Iwnq1yMWlYJeiUq7","Yumthang","yumthang","LezQ15awd5icCXxE3Hf6","Sikkim","2025-10-26T06:16:21.000Z","2025-10-26T06:16:21.000Z"
"Zhf1lHwCuwNyfYr7hRmy","Lakkidi","lakkidi","0ZxRhMN7jQgEzw6ppzwM","Kerala","2025-10-26T06:16:21.000Z","2025-10-26T06:16:21.000Z"
"ZjNf28C8Vf0mwTcpisXv","Bhalukpong","bhalukpong","JbiIvUZ8ToP9LaTP7IXX","Arunachal Pradesh","2025-10-26T06:16:21.000Z","2025-10-26T06:16:21.000Z"
"aJaLd5hAh9kpxpH6xE4N","Kamshet","kamshet","eDsJuKnPg7NuDdI0zmQQ","Maharashtra","2025-10-26T06:16:21.000Z","2025-10-26T06:16:21.000Z"
"aPUzGaM1cgI1jItCtQfI","Agumbe","agumbe","eVviZqGlalajGUQDL6Z7","Karnataka","2025-10-26T06:16:21.000Z","2025-10-26T06:16:21.000Z"
"b9IG1EMnlFtWMNHE92zE","Kurseong","kurseong","Pu3jMpoXcMpOwOuVAAxw","West Bengal","2025-10-26T06:16:21.000Z","2025-10-26T06:16:21.000Z"
"bXze67cuOcQfFRZ186MT","Auli","auli","6LQT7nKYpCHJtGoiRO0V","Uttarakhand","2025-10-26T06:16:21.000Z","2025-10-26T06:16:21.000Z"
"bf2qO7dZuP8ebdsSXuPi","Aizawl","aizawl","bD3QCeM6Zepx8Q1xi67Y","Mizoram","2025-10-26T06:16:21.000Z","2025-10-26T06:16:21.000Z"
"bo01luDCDXUiWVTP776e","Aritar","aritar","LezQ15awd5icCXxE3Hf6","Sikkim","2025-10-26T06:16:21.000Z","2025-10-26T06:16:21.000Z"
"c2qLfwgeAvaiu2SjU6uT","Gokarna","gokarna","eVviZqGlalajGUQDL6Z7","Karnataka","2025-10-26T06:16:21.000Z","2025-10-26T06:16:21.000Z"
"c3Tjb7JE2Dx8RFR9s3lY","Kumarakom","kumarakom","0ZxRhMN7jQgEzw6ppzwM","Kerala","2025-10-26T06:16:21.000Z","2025-10-26T06:16:21.000Z"
"c40rKhRTX7kbgWg9rGdD","Kodaikanal","kodaikanal","Y304vfBDbXCdK85h39vq","Tamil Nadu","2025-10-26T06:16:21.000Z","2025-10-26T06:16:21.000Z"
"c5UnN1pL8QCpepnHnWoT","Nizamabad","nizamabad","kUdDFqdjQWGJeMZRkoEw","Telangana","2025-10-26T06:16:21.000Z","2025-10-26T06:16:21.000Z"
"cmIUYiwoBvIjOmnrouKm","Mysore","mysore","eVviZqGlalajGUQDL6Z7","Karnataka","2025-10-26T06:16:21.000Z","2025-10-26T06:16:21.000Z"
"d0Xqr3GRoSoVE5Imly3y","Girnar","girnar","0ovcuLYSr3YaUVScR39O","Gujarat","2025-10-26T06:16:21.000Z","2025-10-26T06:16:21.000Z"
"dfC6JSkIQPLlVGKZbDks","Kasauli","kasauli","REt6LPaf2rVVo7JzbtDc","Himachal Pradesh","2025-10-26T06:16:21.000Z","2025-10-26T06:16:21.000Z"
"eJdcOK7DBZoabRLcY5mL","Dalhousie","dalhousie","REt6LPaf2rVVo7JzbtDc","Himachal Pradesh","2025-10-26T06:16:21.000Z","2025-10-26T06:16:21.000Z"
"f4dpQFIIxgIPcprbmYX0","Allahabad","allahabad","PNJvE5gUHlownJBjvvES","Uttar Pradesh","2025-10-26T06:16:21.000Z","2025-10-26T06:16:21.000Z"
"fDFG9nqcEU9b6vJJpnoU","Ambassa","ambassa","uhEixjMciYm2oHy4LVMj","Tripura","2025-10-26T06:16:21.000Z","2025-10-26T06:16:21.000Z"
"fOd3ir9R0JYi2k3HyumT","Devikulam","devikulam","0ZxRhMN7jQgEzw6ppzwM","Kerala","2025-10-26T06:16:21.000Z","2025-10-26T06:16:21.000Z"
"fvC0sQ0LdKEWSuj7vPqd","Hansi","hansi","C9kqgSybeCQdSODdO4Hg","Haryana","2025-10-26T06:16:21.000Z","2025-10-26T06:16:21.000Z"
"gZUF0bGBsFKB59NByiXj","Srikalahasti","srikalahasti","bmDeud9E6hOT8et5YRfF","Andhra Pradesh","2025-10-26T06:16:21.000Z","2025-10-26T06:16:21.000Z"
"grDoQVuOpXqQ7dS3pZDX","Sitamarhi","sitamarhi","IlISqZKU1Jj8hVOoTP3x","Bihar","2025-10-26T06:16:21.000Z","2025-10-26T06:16:21.000Z"
"hBKOMd0zYzayfDKic5Af","Jalandhar","jalandhar","yOOiWnskgTTe9VGmriYg","Punjab","2025-10-26T06:16:21.000Z","2025-10-26T06:16:21.000Z"
"huiwxTNFwe7KY45OdaEp","Bodh Gaya","bodh-gaya","IlISqZKU1Jj8hVOoTP3x","Bihar","2025-10-26T06:16:21.000Z","2025-10-26T06:16:21.000Z"
"hus3RHppmacAH9nUxxkj","Udaipur","udaipur","uboZR93AjAD4VK7iRukm","Rajasthan","2025-10-26T06:16:21.000Z","2025-10-26T06:16:21.000Z"
"i0w3mqYzmgb1FQFroy3b","Diu","diu","u8RlYShAno1JYGGsBxB5","Daman & Diu *","2025-10-26T06:16:21.000Z","2025-10-26T06:16:21.000Z"
"iICnwzg0PjPOFGoux2Js","Khimsar","khimsar","uboZR93AjAD4VK7iRukm","Rajasthan","2025-10-26T06:16:21.000Z","2025-10-26T06:16:21.000Z"
"iy0x978kOdgZuEtnOLpj","Srisailam","srisailam","bmDeud9E6hOT8et5YRfF","Andhra Pradesh","2025-10-26T06:16:21.000Z","2025-10-26T06:16:21.000Z"
"j4QocTsLJc7fyEP2aKmr","Panhala","panhala","eDsJuKnPg7NuDdI0zmQQ","Maharashtra","2025-10-26T06:16:21.000Z","2025-10-26T06:16:21.000Z"
"j9vWK89q1AWmqVligE3P","Tawang","tawang","JbiIvUZ8ToP9LaTP7IXX","Arunachal Pradesh","2025-10-26T06:16:21.000Z","2025-10-26T06:16:21.000Z"
"jX18XOBv1nVPYZlCz5jS","Rameshwaram","rameshwaram","Y304vfBDbXCdK85h39vq","Tamil Nadu","2025-10-26T06:16:21.000Z","2025-10-26T06:16:21.000Z"
"jljgEUzUSCTXCKGC8lDg","Goa","goa","ycaD5OOdHD3rPg0Xp5X6","Goa","2025-10-26T06:16:21.000Z","2025-10-26T06:16:21.000Z"
"l8q7AMEFclTvd5xblQuT","Varanasi","varanasi","PNJvE5gUHlownJBjvvES","Uttar Pradesh","2025-10-26T06:16:21.000Z","2025-10-26T06:16:21.000Z"
"lWM1tVMTgh9oSqN1BXJa","Gangtok","gangtok","LezQ15awd5icCXxE3Hf6","Sikkim","2025-10-26T06:16:21.000Z","2025-10-26T06:16:21.000Z"
"lXL8erCuv7Fopc5zD7dI","Kurukshetra","kurukshetra","C9kqgSybeCQdSODdO4Hg","Haryana","2025-10-26T06:16:21.000Z","2025-10-26T06:16:21.000Z"
"lXNZqcugPT5vIoOkk7ui","Junagadh","junagadh","0ovcuLYSr3YaUVScR39O","Gujarat","2025-10-26T06:16:21.000Z","2025-10-26T06:16:21.000Z"
"lfN48qxwojMdBS5T6FNd","Veraval","veraval","0ovcuLYSr3YaUVScR39O","Gujarat","2025-10-26T06:16:21.000Z","2025-10-26T06:16:21.000Z"
"lzlnBxXZX9HUgaz7qDf1","Lonavala","lonavala","eDsJuKnPg7NuDdI0zmQQ","Maharashtra","2025-10-26T06:16:21.000Z","2025-10-26T06:16:21.000Z"
"mCDHn4kPHTdR0b5JG1rn","Netrani Island","netrani-island","eVviZqGlalajGUQDL6Z7","Karnataka","2025-10-26T06:16:21.000Z","2025-10-26T06:16:21.000Z"
"mWqvWPkfVzmNoZZHjZmv","Sarnath","sarnath","PNJvE5gUHlownJBjvvES","Uttar Pradesh","2025-10-26T06:16:21.000Z","2025-10-26T06:16:21.000Z"
"mdcMsQ7XfITTGS57fuIW","Illithode","illithode","0ZxRhMN7jQgEzw6ppzwM","Kerala","2025-10-26T06:16:21.000Z","2025-10-26T06:16:21.000Z"
"nIgW4bR5dSGLGSgblwWC","Matheran","matheran","eDsJuKnPg7NuDdI0zmQQ","Maharashtra","2025-10-26T06:16:21.000Z","2025-10-26T06:16:21.000Z"
"nJSBCxXjozZkuLQb2Sgw","Jamnagar","jamnagar","0ovcuLYSr3YaUVScR39O","Gujarat","2025-10-26T06:16:21.000Z","2025-10-26T06:16:21.000Z"
"o1e0Q5HLrROKkAka4Sbi","Patnitop","patnitop","DLu93rzxcJ3F4x7hOlBJ","Jammu And Kashmir","2025-10-26T06:16:21.000Z","2025-10-26T06:16:21.000Z"
"o6R6VSv6wOlGGQfei9D0","Puri","puri","8WGMO4jSBbNOq272w5ZC","Odisha","2025-10-26T06:16:21.000Z","2025-10-26T06:16:21.000Z"
"oFkfKnt3VpWIuzaLhySl","Yamunotri","yamunotri","6LQT7nKYpCHJtGoiRO0V","Uttarakhand","2025-10-26T06:16:21.000Z","2025-10-26T06:16:21.000Z"
"oyWn4wqlIkQEWtfGDmcP","Adilabad","adilabad","bmDeud9E6hOT8et5YRfF","Andhra Pradesh","2025-10-26T06:16:21.000Z","2025-10-26T06:16:21.000Z"
"pbjZfNBdUMPKp9cVbbaf","Nalgonda","nalgonda","bmDeud9E6hOT8et5YRfF","Andhra Pradesh","2025-10-26T06:16:21.000Z","2025-10-26T06:16:21.000Z"
"q9oRNXU8XHCZEWPyIs2W","Mori","mori","6LQT7nKYpCHJtGoiRO0V","Uttarakhand","2025-10-26T06:16:21.000Z","2025-10-26T06:16:21.000Z"
"qAM7uQKMM2vsc0CBckED","Somnath","somnath","0ovcuLYSr3YaUVScR39O","Gujarat","2025-10-26T06:16:21.000Z","2025-10-26T06:16:21.000Z"
"qh8wGEeyfbflZJGGtwYD","Kalimpong","kalimpong","Pu3jMpoXcMpOwOuVAAxw","West Bengal","2025-10-26T06:16:21.000Z","2025-10-26T06:16:21.000Z"
"qwSLRtKqNpU1egZGtusc","Pahalgam","pahalgam","DLu93rzxcJ3F4x7hOlBJ","Jammu And Kashmir","2025-10-26T06:16:21.000Z","2025-10-26T06:16:21.000Z"
"qxcbIzAeRnEBNiCmk816","Wayanad","wayanad","0ZxRhMN7jQgEzw6ppzwM","Kerala","2025-10-26T06:16:21.000Z","2025-10-26T06:16:21.000Z"
"r0MQ95RfFwkYltA2lCRg","Gangotri","gangotri","6LQT7nKYpCHJtGoiRO0V","Uttarakhand","2025-10-26T06:16:21.000Z","2025-10-26T06:16:21.000Z"
"r9VYxzZWZgKDgjNmlnBv","Shimla","shimla","REt6LPaf2rVVo7JzbtDc","Himachal Pradesh","2025-10-26T06:16:21.000Z","2025-10-26T06:16:21.000Z"
"rIWsQgHknwqMxL9I8GPf","Rayadurg","rayadurg","bmDeud9E6hOT8et5YRfF","Andhra Pradesh","2025-10-26T06:16:21.000Z","2025-10-26T06:16:21.000Z"
"rNPGHgSaQDi5N4jkanZh","Pawapuri","pawapuri","IlISqZKU1Jj8hVOoTP3x","Bihar","2025-10-26T06:16:21.000Z","2025-10-26T06:16:21.000Z"
"rPkUR6Y7iwSuB74nfofi","Binsar","binsar","6LQT7nKYpCHJtGoiRO0V","Uttarakhand","2025-10-26T06:16:21.000Z","2025-10-26T06:16:21.000Z"
"rh12Cp4SHJXFUVHzNlvu","Konark","konark","8WGMO4jSBbNOq272w5ZC","Odisha","2025-10-26T06:16:21.000Z","2025-10-26T06:16:21.000Z"
"rkMabJsiMcc7dRJ0m2Qk","Nellore","nellore","bmDeud9E6hOT8et5YRfF","Andhra Pradesh","2025-10-26T06:16:21.000Z","2025-10-26T06:16:21.000Z"
"sApfEK2HFtIRA1mRSBji","Shoghi","shoghi","REt6LPaf2rVVo7JzbtDc","Himachal Pradesh","2025-10-26T06:16:21.000Z","2025-10-26T06:16:21.000Z"
"sCjS0kW5FUEAL5Hd5597","Manali","manali","REt6LPaf2rVVo7JzbtDc","Himachal Pradesh","2025-10-26T06:16:21.000Z","2025-10-26T06:16:21.000Z"
"sEiKNH3vEA320mCPFwnl","Khodala","khodala","eDsJuKnPg7NuDdI0zmQQ","Maharashtra","2025-10-26T06:16:21.000Z","2025-10-26T06:16:21.000Z"
"sNQxYPiqh2ejbmCZp55L","Darjeeling","darjeeling","Pu3jMpoXcMpOwOuVAAxw","West Bengal","2025-10-26T06:16:21.000Z","2025-10-26T06:16:21.000Z"
"skBjvhXM6b1iaLRkmCrn","Pelling","pelling","LezQ15awd5icCXxE3Hf6","Sikkim","2025-10-26T06:16:21.000Z","2025-10-26T06:16:21.000Z"
"t8G8v38aqTqEXsCJTiIF","Jodhpur","jodhpur","uboZR93AjAD4VK7iRukm","Rajasthan","2025-10-26T06:16:21.000Z","2025-10-26T06:16:21.000Z"
"tc06WJMpuJcioeqPySMh","Kollam","kollam","0ZxRhMN7jQgEzw6ppzwM","Kerala","2025-10-26T06:16:21.000Z","2025-10-26T06:16:21.000Z"
"trs5Kg4RDROd6Yb9773a","Dehradun","dehradun","6LQT7nKYpCHJtGoiRO0V","Uttarakhand","2025-10-26T06:16:21.000Z","2025-10-26T06:16:21.000Z"
"uYvwEuhP3erveuRVKQjM","Jaisalmer","jaisalmer","uboZR93AjAD4VK7iRukm","Rajasthan","2025-10-26T06:16:21.000Z","2025-10-26T06:16:21.000Z"
"vX1qU1qPVZ5iyCFBqJMG","Chikhaldara","chikhaldara","eDsJuKnPg7NuDdI0zmQQ","Maharashtra","2025-10-26T06:16:21.000Z","2025-10-26T06:16:21.000Z"
"vaHhGsX0MsFIsY5FHpvk","Champhai","champhai","bD3QCeM6Zepx8Q1xi67Y","Mizoram","2025-10-26T06:16:21.000Z","2025-10-26T06:16:21.000Z"
"vitv5QyZ3j9QpYUvGkA4","Amarnath","amarnath","DLu93rzxcJ3F4x7hOlBJ","Jammu And Kashmir","2025-10-26T06:16:21.000Z","2025-10-26T06:16:21.000Z"
"vxh3MXnIPsEOJHfPjJFq","Kolasib","kolasib","bD3QCeM6Zepx8Q1xi67Y","Mizoram","2025-10-26T06:16:21.000Z","2025-10-26T06:16:21.000Z"
"w0WptIRmGOd2cEFH1Tfg","Along","along","JbiIvUZ8ToP9LaTP7IXX","Arunachal Pradesh","2025-10-26T06:16:21.000Z","2025-10-26T06:16:21.000Z"
"w2fgICFZTj9QwRbEo4SO","Chandigarh","chandigarh","UvwPwk2a2pbPfugBUmbI","Chandigarh","2025-10-26T06:16:21.000Z","2025-10-26T06:16:21.000Z"
"wEVv7WJ13v16mCoTdhjh","Thanedar","thanedar","REt6LPaf2rVVo7JzbtDc","Himachal Pradesh","2025-10-26T06:16:21.000Z","2025-10-26T06:16:21.000Z"
"wo5EZXpdCUfUKGVaS9j5","Yellapur","yellapur","eVviZqGlalajGUQDL6Z7","Karnataka","2025-10-26T06:16:21.000Z","2025-10-26T06:16:21.000Z"
"x1YWCxVrheEjT4TFfJ7z","Morni","morni","C9kqgSybeCQdSODdO4Hg","Haryana","2025-10-26T06:16:21.000Z","2025-10-26T06:16:21.000Z"
"yCUVTuekuMLLeauecP4L","Munnar","munnar","0ZxRhMN7jQgEzw6ppzwM","Kerala","2025-10-26T06:16:21.000Z","2025-10-26T06:16:21.000Z"
"yES0GxsQPPBN6TfYnPZy","Mirik","mirik","Pu3jMpoXcMpOwOuVAAxw","West Bengal","2025-10-26T06:16:21.000Z","2025-10-26T06:16:21.000Z"
"ySwzm2zvkAQV8UM3SVFd","Patna","patna","IlISqZKU1Jj8hVOoTP3x","Bihar","2025-10-26T06:16:21.000Z","2025-10-26T06:16:21.000Z"
"yUlL9lDWhJqHZGZJAOwd","Tirupati","tirupati","bmDeud9E6hOT8et5YRfF","Andhra Pradesh","2025-10-26T06:16:21.000Z","2025-10-26T06:16:21.000Z"
"ynWFh52BfEGDB2QWQqzh","Badrinath","badrinath","6LQT7nKYpCHJtGoiRO0V","Uttarakhand","2025-10-26T06:16:21.000Z","2025-10-26T06:16:21.000Z"
"yqAGo4c9Oij7lwmycFHJ","Sariska","sariska","uboZR93AjAD4VK7iRukm","Rajasthan","2025-10-26T06:16:21.000Z","2025-10-26T06:16:21.000Z"
"z4M73dyPIiI8Mt2IVcbP","Mussoorie","mussoorie","6LQT7nKYpCHJtGoiRO0V","Uttarakhand","2025-10-26T06:16:21.000Z","2025-10-26T06:16:21.000Z"
"zCYBNzIh8IQEMM94b2Tn","Imphal","imphal","jqNdQKbhph9AB2ytvC5D","Manipur","2025-10-26T06:16:21.000Z","2025-10-26T06:16:21.000Z"
"zjQEWVljAalA4vcEHJMK","Thiruvannamalai","thiruvannamalai","Y304vfBDbXCdK85h39vq","Tamil Nadu","2025-10-26T06:16:21.000Z","2025-10-26T06:16:21.000Z"